tissue	gene	numerator	denominator	n_numerator	n_denominator	gene_present	low_count_tissue_mean_below_10	tissue_raw_count_mean	tissue_zero_count_samples	numerator_raw_count_mean	denominator_raw_count_mean	numerator_normalized_count_mean	denominator_normalized_count_mean	numerator_cpm_mean	denominator_cpm_mean	median_ratio_log2_contrast	cpm_log2_contrast	median_ratio_direction	cpm_direction	normalization_direction_agrees	loo_total	loo_min_log2_contrast	loo_max_log2_contrast	loo_matching_directions	loo_reversed_directions
gastrocnemius muscle	Cdkn2a	HH	WT	3	4	True	False	19.09090909090909	1	31.333333333333332	3.0	29.683213055726636	2.860796795200957	0.681101558240492	0.06387962013532039	2.990479037311859	0.6600719663258839	higher	higher	True	11	2.6654978806312966	3.2422591562874143	11	0
gastrocnemius muscle	Cdkn2a	HL1002P	WT	4	4	True	False	19.09090909090909	1	26.0	3.0	27.828180373408735	2.860796795200957	0.617862015128019	0.06387962013532039	2.9005092489873356	0.6047536512816587	higher	higher	True	11	2.5801756915929395	3.1517105600875848	11	0
gastrocnemius muscle	Cdkn2a	HL1002P	HH	4	3	True	False	19.09090909090909	1	26.0	31.333333333333332	27.828180373408735	29.683213055726636	0.617862015128019	0.681101558240492	-0.08996978832452314	-0.05531831504422525	lower	lower	True	11	-0.3314511956577863	0.23297411340021185	9	2
gastrocnemius muscle	Cdkn1a	HH	WT	3	4	True	False	3788.4545454545455	0	5303.666666666667	1773.75	5331.4489188553425	1773.5376125614664	124.7411847303299	38.06878820734569	1.5873550869690938	1.6863688479280676	higher	higher	True	11	0.7278147643224356	2.0367991137470347	11	0
gastrocnemius muscle	Cdkn1a	HL1002P	WT	4	4	True	False	3788.4545454545455	0	4666.75	1773.75	4959.039633699021	1773.5376125614664	110.80581792307856	38.06878820734569	1.4829084950092273	1.5169068487540127	higher	higher	True	11	0.9527516242413334	1.9308972890617895	11	0
gastrocnemius muscle	Cdkn1a	HL1002P	HH	4	3	True	False	3788.4545454545455	0	4666.75	5303.666666666667	4959.039633699021	5331.4489188553425	110.80581792307856	124.7411847303299	-0.10444659195986657	-0.1694619991740549	lower	lower	True	11	-0.6350033315475305	0.7554692597915228	8	3
gastrocnemius muscle	Serpine1	HH	WT	3	4	True	False	623.5454545454545	0	558.3333333333334	706.0	542.2549005706709	687.6747984297965	12.643596316775438	15.016897361818952	-0.34219359991744336	-0.23137073529962537	lower	lower	True	11	-0.4330983474246743	-0.23287952517067093	11	0
gastrocnemius muscle	Serpine1	HL1002P	WT	4	4	True	False	623.5454545454545	0	590.0	706.0	593.4344789580125	687.6747984297965	13.127873111645528	15.016897361818952	-0.21230508470160991	-0.18105041919673892	lower	lower	True	11	-0.30521290676302143	-0.12448748868538395	11	0
gastrocnemius muscle	Serpine1	HL1002P	HH	4	3	True	False	623.5454545454545	0	590.0	558.3333333333334	593.4344789580125	542.2549005706709	13.127873111645528	12.643596316775438	0.12988851521583328	0.05032031610288635	higher	higher	True	11	0.021213262002803178	0.2179088887216496	11	0
gastrocnemius muscle	Igfbp2	HH	WT	3	4	True	False	71.0	0	75.66666666666667	10.25	73.4756098287826	9.52538780426661	1.704622256835428	0.20806248982077968	2.8228946418759806	1.1627320296760153	higher	higher	True	11	2.5276229003525787	3.2133236928182214	11	0
gastrocnemius muscle	Igfbp2	HL1002P	WT	4	4	True	False	71.0	0	128.25	10.25	148.98489003120744	9.52538780426661	3.360171456361247	0.20806248982077968	3.8328718712382623	1.8516897843335818	higher	higher	True	11	2.4061035781023534	4.220668638982067	11	0
gastrocnemius muscle	Igfbp2	HL1002P	HH	4	3	True	False	71.0	0	128.25	75.66666666666667	148.98489003120744	73.4756098287826	3.360171456361247	1.704622256835428	1.0099772293622817	0.6889577546575661	higher	higher	True	11	-0.4196815855180531	1.3433769193259677	10	1
gastrocnemius muscle	Il6	HH	WT	3	4	True	True	2.6363636363636362	3	2.6666666666666665	3.25	2.6994591903636302	3.0541720431906962	0.062300406254917395	0.06592872420115692	-0.1320929282884918	-0.004919170877197572	lower	lower	True	11	-1.1007486623280314	0.43461572440060137	8	3
gastrocnemius muscle	Il6	HL1002P	WT	4	4	True	True	2.6363636363636362	3	2.0	3.25	1.9713065496618547	3.0541720431906962	0.04372808299095643	0.06592872420115692	-0.44830985675135393	-0.030365069089786097	lower	lower	True	11	-0.7755379713248655	0.11680380912119351	10	1
gastrocnemius muscle	Il6	HL1002P	HH	4	3	True	True	2.6363636363636362	3	2.0	2.6666666666666665	1.9713065496618547	2.6994591903636302	0.04372808299095643	0.062300406254917395	-0.3162169284628621	-0.02544589821258845	lower	lower	True	11	-0.7633847996936567	0.6516809386282342	10	1
gastrocnemius muscle	Ccl2	HH	WT	3	4	True	False	69.72727272727273	0	92.0	47.25	87.79781916485172	42.11959783644693	2.010433325242027	0.9470236497088508	1.0421805224892857	0.6287007571209452	higher	higher	True	11	0.7393749239308105	1.6873957297437767	11	0
gastrocnemius muscle	Ccl2	HL1002P	WT	4	4	True	False	69.72727272727273	0	75.5	47.25	78.31397201496027	42.11959783644693	1.7396483249974586	0.9470236497088508	0.8792313121004254	0.49272030550022644	higher	higher	True	11	0.6721393730390041	1.5244224820054026	11	0
gastrocnemius muscle	Ccl2	HL1002P	HH	4	3	True	False	69.72727272727273	0	75.5	92.0	78.31397201496027	87.79781916485172	1.7396483249974586	2.010433325242027	-0.1629492103888603	-0.13598045162071876	lower	lower	True	11	-0.3798695298121384	0.1407789916366979	10	1
gastrocnemius muscle	Mmp3	HH	WT	3	4	True	False	99.72727272727273	0	76.33333333333333	74.75	73.25306318040906	74.30373880336768	1.7259099854788211	1.6323744758924228	-0.020270952957174213	0.05037318416226675	lower	higher	False	11	-0.6439932659799263	0.4358775973739077	7	4
gastrocnemius muscle	Mmp3	HL1002P	WT	4	4	True	False	99.72727272727273	0	142.25	74.75	133.4431410723598	74.30373880336768	2.9428783606347455	1.6323744758924228	0.8362027535910327	0.5828844650716181	higher	higher	True	11	0.32206061525340834	1.2919404785596849	11	0
gastrocnemius muscle	Mmp3	HL1002P	HH	4	3	True	False	99.72727272727273	0	142.25	76.33333333333333	133.4431410723598	73.25306318040906	2.9428783606347455	1.7259099854788211	0.8564737065482069	0.5325112809093516	higher	higher	True	11	0.3435820142774659	1.4810328076000865	11	0
fat (IAT)	Cdkn2a	HH	WT	4	4	True	False	168.16666666666666	0	202.0	63.25	208.27190469700528	58.13015634361234	5.498190541053026	1.3272579404034128	1.8234126422036343	1.4814069272907755	higher	higher	True	12	1.3970602055984296	2.0653293668437605	12	0
fat (IAT)	Cdkn2a	HL1002P	WT	4	4	True	False	168.16666666666666	0	239.25	63.25	217.80004669854657	58.13015634361234	5.611808382718182	1.3272579404034128	1.887647049254446	1.5064137944427918	higher	higher	True	12	1.744102666399842	2.0713169360336945	12	0
fat (IAT)	Cdkn2a	HL1002P	HH	4	4	True	False	168.16666666666666	0	239.25	202.0	217.80004669854657	208.27190469700528	5.611808382718182	5.498190541053026	0.06423440705081161	0.025006867152016273	higher	higher	True	12	-0.17700222759667547	0.48940469845524226	9	3
fat (IAT)	Cdkn1a	HH	WT	4	4	True	False	3396.25	0	2021.0	5757.25	2124.166481966605	5388.616608161451	54.89176867311515	121.65427221067787	-1.3426067861453694	-1.1338897513940194	lower	lower	True	12	-1.4699320185445806	-1.2075624300337557	12	0
fat (IAT)	Cdkn1a	HL1002P	WT	4	4	True	False	3396.25	0	2410.5	5757.25	2291.2935847557987	5388.616608161451	59.19663053695371	121.65427221067787	-1.2333908214983214	-1.026842845207306	lower	lower	True	12	-1.4492498557802944	-1.100579637200262	12	0
fat (IAT)	Cdkn1a	HL1002P	HH	4	4	True	False	3396.25	0	2410.5	2021.0	2291.2935847557987	2124.166481966605	59.19663053695371	54.89176867311515	0.10921596464704834	0.10704690618671338	higher	higher	True	12	-0.10619889233254334	0.22207229985508997	11	1
fat (IAT)	Serpine1	HH	WT	4	4	True	False	3468.8333333333335	0	1193.25	8171.25	1186.4566342487421	7657.237612783158	30.7694359958452	168.76959570790726	-2.6891375961197825	-2.4178667244363132	lower	lower	True	12	-3.0445375476331686	-2.3945638495084545	12	0
fat (IAT)	Serpine1	HL1002P	WT	4	4	True	False	3468.8333333333335	0	1042.0	8171.25	1136.3763988371572	7657.237612783158	29.37049012590928	168.76959570790726	-2.7513026504760485	-2.4828360112528856	lower	lower	True	12	-3.834355721114649	-2.469979226845544	12	0
fat (IAT)	Serpine1	HL1002P	HH	4	4	True	False	3468.8333333333335	0	1042.0	1193.25	1136.3763988371572	1186.4566342487421	29.37049012590928	30.7694359958452	-0.062165054356266326	-0.06496928681657192	lower	lower	True	12	-1.145049149825433	0.22171548844776773	7	5
fat (IAT)	Igfbp2	HH	WT	4	4	True	False	150.83333333333334	0	164.75	164.5	184.489965823977	157.74288937587048	4.809375752203915	3.8525360999045306	0.22464917541608634	0.25964420108503	higher	higher	True	12	-0.1466724546099017	1.570574427119111	11	1
fat (IAT)	Igfbp2	HL1002P	WT	4	4	True	False	150.83333333333334	0	123.25	164.5	113.27069862267467	157.74288937587048	2.919991429743444	3.8525360999045306	-0.47423645616218313	-0.3078884455613467	lower	lower	True	12	-0.8487081201246244	0.8739312162111597	11	1
fat (IAT)	Igfbp2	HL1002P	HH	4	4	True	False	150.83333333333334	0	123.25	164.75	113.27069862267467	184.489965823977	2.919991429743444	4.809375752203915	-0.6988856315782696	-0.5675326466463767	lower	lower	True	12	-0.9625812713184436	-0.42007165025050053	12	0
fat (IAT)	Il6	HH	WT	4	4	True	False	13.833333333333334	1	11.25	11.5	12.410772649045937	10.308026896116363	0.3247568548290286	0.23723068397897604	0.24604513942134038	0.09861307390177716	higher	higher	True	12	-0.23963210709300367	0.5981088564388005	11	1
fat (IAT)	Il6	HL1002P	WT	4	4	True	False	13.833333333333334	1	18.75	11.5	16.0866448082811	10.308026896116363	0.41849730936425544	0.23723068397897604	0.5955219125842649	0.19724889549255145	higher	higher	True	12	0.13048032444601268	0.989457668082915	12	0
fat (IAT)	Il6	HL1002P	HH	4	4	True	False	13.833333333333334	1	18.75	11.25	16.0866448082811	12.410772649045937	0.41849730936425544	0.3247568548290286	0.34947677316292447	0.0986358215907743	higher	higher	True	12	-0.11429071909304034	0.8393986956037071	10	2
fat (IAT)	Ccl2	HH	WT	4	4	True	False	560.25	0	242.75	772.5	258.9146209408778	831.440108994015	6.774561563390375	17.799314359368022	-1.6793086874969338	-1.273846821820172	lower	lower	True	12	-1.9514696946744456	-0.8006077545482744	12	0
fat (IAT)	Ccl2	HL1002P	WT	4	4	True	False	560.25	0	665.5	772.5	548.3966868413725	831.440108994015	14.315892504373133	17.799314359368022	-0.5994982691024037	-0.2956506058162683	lower	lower	True	12	-1.0473613748926265	0.27812141777702865	11	1
fat (IAT)	Ccl2	HL1002P	HH	4	4	True	False	560.25	0	665.5	242.75	548.3966868413725	258.9146209408778	14.315892504373133	6.774561563390375	1.0798104183945303	0.9781962160039037	higher	higher	True	12	0.6323231605267433	1.3013281681958802	12	0
fat (IAT)	Mmp3	HH	WT	4	4	True	False	2680.25	0	2527.0	2629.25	2533.6622913185574	2518.949924122926	64.54596262121176	57.68395296722703	0.00839847578000712	0.15954086410747825	higher	higher	True	12	-0.1624021973331554	0.1698448968240973	8	4
fat (IAT)	Mmp3	HL1002P	WT	4	4	True	False	2680.25	0	2884.5	2629.25	2737.2624709771208	2518.949924122926	70.40337902007192	57.68395296722703	0.11986567493275826	0.28302629386658007	higher	higher	True	12	-0.021018968034763844	0.25366656845510965	11	1
fat (IAT)	Mmp3	HL1002P	HH	4	4	True	False	2680.25	0	2884.5	2527.0	2737.2624709771208	2533.6622913185574	70.40337902007192	64.54596262121176	0.1114671991527511	0.12348542975910191	higher	higher	True	12	-0.04946104196795328	0.2824976694146403	11	1
