series	gsm	title	tissue	age	genotype	background strain
GSE134780	GSM3968592	10mo_skM_WT_1	gastrocnemius muscle	8-10 months	WT	129Sve/C57BL/6 mix
GSE134780	GSM3968593	10mo_skM_WT_2	gastrocnemius muscle	8-10 months	WT	129Sve/C57BL/6 mix
GSE134780	GSM3968594	10mo_skM_WT_3	gastrocnemius muscle	8-10 months	WT	129Sve/C57BL/6 mix
GSE134780	GSM3968595	10mo_skM_WT_4	gastrocnemius muscle	8-10 months	WT	129Sve/C57BL/6 mix
GSE134780	GSM3968596	10mo_skM_HL1002P_1	gastrocnemius muscle	8-10 months	HL1002P	129Sve/C57BL/6 mix
GSE134780	GSM3968597	10mo_skM_HL1002P_2	gastrocnemius muscle	8-10 months	HL1002P	129Sve/C57BL/6 mix
GSE134780	GSM3968598	10mo_skM_HL1002P_3	gastrocnemius muscle	8-10 months	HL1002P	129Sve/C57BL/6 mix
GSE134780	GSM3968599	10mo_skM_HL1002P_4	gastrocnemius muscle	8-10 months	HL1002P	129Sve/C57BL/6 mix
GSE134780	GSM3968600	10mo_skM_HH_1	gastrocnemius muscle	8-10 months	HH	129Sve/C57BL/6 mix
GSE134780	GSM3968601	10mo_skM_HH_2	gastrocnemius muscle	8-10 months	HH	129Sve/C57BL/6 mix
GSE134780	GSM3968602	10mo_skM_HH_3	gastrocnemius muscle	8-10 months	HH	129Sve/C57BL/6 mix
GSE134780	GSM3968603	10mo_fat_WT_1	fat (IAT)	8-10 months	WT	129Sve/C57BL/6 mix
GSE134780	GSM3968604	10mo_fat_WT_2	fat (IAT)	8-10 months	WT	129Sve/C57BL/6 mix
GSE134780	GSM3968605	10mo_fat_WT_3	fat (IAT)	8-10 months	WT	129Sve/C57BL/6 mix
GSE134780	GSM3968606	10mo_fat_WT_4	fat (IAT)	8-10 months	WT	129Sve/C57BL/6 mix
GSE134780	GSM3968607	10mo_fat_HL1002P_1	fat (IAT)	8-10 months	HL1002P	129Sve/C57BL/6 mix
GSE134780	GSM3968608	10mo_fat_HL1002P_2	fat (IAT)	8-10 months	HL1002P	129Sve/C57BL/6 mix
GSE134780	GSM3968609	10mo_fat_HL1002P_3	fat (IAT)	8-10 months	HL1002P	129Sve/C57BL/6 mix
GSE134780	GSM3968610	10mo_fat_HL1002P_4	fat (IAT)	8-10 months	HL1002P	129Sve/C57BL/6 mix
GSE134780	GSM3968611	10mo_fat_HH_1	fat (IAT)	8-10 months	HH	129Sve/C57BL/6 mix
GSE134780	GSM3968612	10mo_fat_HH_2	fat (IAT)	8-10 months	HH	129Sve/C57BL/6 mix
GSE134780	GSM3968613	10mo_fat_HH_3	fat (IAT)	8-10 months	HH	129Sve/C57BL/6 mix
GSE134780	GSM3968614	10mo_fat_HH_4	fat (IAT)	8-10 months	HH	129Sve/C57BL/6 mix
GSE134781	GSM3968615	3mo_skM_WT_1	gastrocnemius muscle	3 months	WT	129Sve/C57BL/6 mix
GSE134781	GSM3968616	3mo_skM_WT_2	gastrocnemius muscle	3 months	WT	129Sve/C57BL/6 mix
GSE134781	GSM3968617	3mo_skM_WT_3	gastrocnemius muscle	3 months	WT	129Sve/C57BL/6 mix
GSE134781	GSM3968618	3mo_skM_hetL1002P_1	gastrocnemius muscle	3 months	hetL1002P	129Sve/C57BL/6 mix
GSE134781	GSM3968619	3mo_skM_hetL1002P_2	gastrocnemius muscle	3 months	hetL1002P	129Sve/C57BL/6 mix
GSE134781	GSM3968620	3mo_skM_hetL1002P_3	gastrocnemius muscle	3 months	hetL1002P	129Sve/C57BL/6 mix
GSE134781	GSM3968621	3mo_skM_hetX753_1	gastrocnemius muscle	3 months	hetX753	129Sve/C57BL/6 mix
GSE134781	GSM3968622	3mo_skM_hetX753_2	gastrocnemius muscle	3 months	hetX753	129Sve/C57BL/6 mix
GSE134781	GSM3968623	3mo_skM_hetX753_3	gastrocnemius muscle	3 months	hetX753	129Sve/C57BL/6 mix
