tissue	gene	numerator	denominator	omitted_sample	omitted_genotype	omitted_sample_in_contrast	positive_in_every_remaining_sample_genes	median_ratio_log2_contrast	direction	matches_full_effect_direction
gastrocnemius muscle	Cdkn2a	HH	WT	10mo_skM_WT_1	WT	True	14575	2.6722080350279294	higher	True
gastrocnemius muscle	Cdkn2a	HH	WT	10mo_skM_WT_2	WT	True	14482	3.2265483932133576	higher	True
gastrocnemius muscle	Cdkn2a	HH	WT	10mo_skM_WT_3	WT	True	14534	3.2422591562874143	higher	True
gastrocnemius muscle	Cdkn2a	HH	WT	10mo_skM_WT_4	WT	True	14554	2.898247730119912	higher	True
gastrocnemius muscle	Cdkn2a	HH	WT	10mo_skM_HL1002P_1	HL1002P	False	14522	2.998432734010634	higher	True
gastrocnemius muscle	Cdkn2a	HH	WT	10mo_skM_HL1002P_2	HL1002P	False	14503	2.9910064127853144	higher	True
gastrocnemius muscle	Cdkn2a	HH	WT	10mo_skM_HL1002P_3	HL1002P	False	14505	2.9916249899942304	higher	True
gastrocnemius muscle	Cdkn2a	HH	WT	10mo_skM_HL1002P_4	HL1002P	False	14473	2.9826921646960973	higher	True
gastrocnemius muscle	Cdkn2a	HH	WT	10mo_skM_HH_1	HH	True	14517	3.1798252253614696	higher	True
gastrocnemius muscle	Cdkn2a	HH	WT	10mo_skM_HH_2	HH	True	14503	2.6654978806312966	higher	True
gastrocnemius muscle	Cdkn2a	HH	WT	10mo_skM_HH_3	HH	True	14483	3.0717436384303904	higher	True
gastrocnemius muscle	Cdkn2a	HL1002P	WT	10mo_skM_WT_1	WT	True	14575	2.5801756915929395	higher	True
gastrocnemius muscle	Cdkn2a	HL1002P	WT	10mo_skM_WT_2	WT	True	14482	3.136451561911457	higher	True
gastrocnemius muscle	Cdkn2a	HL1002P	WT	10mo_skM_WT_3	WT	True	14534	3.1517105600875848	higher	True
gastrocnemius muscle	Cdkn2a	HL1002P	WT	10mo_skM_WT_4	WT	True	14554	2.8066775562182924	higher	True
gastrocnemius muscle	Cdkn2a	HL1002P	WT	10mo_skM_HL1002P_1	HL1002P	True	14522	2.6669815383528475	higher	True
gastrocnemius muscle	Cdkn2a	HL1002P	WT	10mo_skM_HL1002P_2	HL1002P	True	14503	2.957860037200859	higher	True
gastrocnemius muscle	Cdkn2a	HL1002P	WT	10mo_skM_HL1002P_3	HL1002P	True	14505	2.875335049435473	higher	True
gastrocnemius muscle	Cdkn2a	HL1002P	WT	10mo_skM_HL1002P_4	HL1002P	True	14473	3.0721173638985646	higher	True
gastrocnemius muscle	Cdkn2a	HL1002P	WT	10mo_skM_HH_1	HH	False	14517	2.9020191184161233	higher	True
gastrocnemius muscle	Cdkn2a	HL1002P	WT	10mo_skM_HH_2	HH	False	14503	2.898471994031509	higher	True
gastrocnemius muscle	Cdkn2a	HL1002P	WT	10mo_skM_HH_3	HH	False	14483	2.899218740916212	higher	True
gastrocnemius muscle	Cdkn2a	HL1002P	HH	10mo_skM_WT_1	WT	False	14575	-0.09203234343498963	lower	True
gastrocnemius muscle	Cdkn2a	HL1002P	HH	10mo_skM_WT_2	WT	False	14482	-0.09009683130190087	lower	True
gastrocnemius muscle	Cdkn2a	HL1002P	HH	10mo_skM_WT_3	WT	False	14534	-0.0905485961998294	lower	True
gastrocnemius muscle	Cdkn2a	HL1002P	HH	10mo_skM_WT_4	WT	False	14554	-0.09157017390161971	lower	True
gastrocnemius muscle	Cdkn2a	HL1002P	HH	10mo_skM_HL1002P_1	HL1002P	True	14522	-0.3314511956577863	lower	True
gastrocnemius muscle	Cdkn2a	HL1002P	HH	10mo_skM_HL1002P_2	HL1002P	True	14503	-0.03314637558445545	lower	True
gastrocnemius muscle	Cdkn2a	HL1002P	HH	10mo_skM_HL1002P_3	HL1002P	True	14505	-0.11628994055875776	lower	True
gastrocnemius muscle	Cdkn2a	HL1002P	HH	10mo_skM_HL1002P_4	HL1002P	True	14473	0.08942519920246735	higher	False
gastrocnemius muscle	Cdkn2a	HL1002P	HH	10mo_skM_HH_1	HH	True	14517	-0.27780610694534635	lower	True
gastrocnemius muscle	Cdkn2a	HL1002P	HH	10mo_skM_HH_2	HH	True	14503	0.23297411340021185	higher	False
gastrocnemius muscle	Cdkn2a	HL1002P	HH	10mo_skM_HH_3	HH	True	14483	-0.17252489751417885	lower	True
gastrocnemius muscle	Cdkn1a	HH	WT	10mo_skM_WT_1	WT	True	14575	1.4759478861927897	higher	True
gastrocnemius muscle	Cdkn1a	HH	WT	10mo_skM_WT_2	WT	True	14482	1.4365079042189612	higher	True
gastrocnemius muscle	Cdkn1a	HH	WT	10mo_skM_WT_3	WT	True	14534	1.4739660949597861	higher	True
gastrocnemius muscle	Cdkn1a	HH	WT	10mo_skM_WT_4	WT	True	14554	2.0367991137470347	higher	True
gastrocnemius muscle	Cdkn1a	HH	WT	10mo_skM_HL1002P_1	HL1002P	False	14522	1.5877549557888642	higher	True
gastrocnemius muscle	Cdkn1a	HH	WT	10mo_skM_HL1002P_2	HL1002P	False	14503	1.587446322074984	higher	True
gastrocnemius muscle	Cdkn1a	HH	WT	10mo_skM_HL1002P_3	HL1002P	False	14505	1.587145397249919	higher	True
gastrocnemius muscle	Cdkn1a	HH	WT	10mo_skM_HL1002P_4	HL1002P	False	14473	1.5857542904788395	higher	True
gastrocnemius muscle	Cdkn1a	HH	WT	10mo_skM_HH_1	HH	True	14517	0.7278147643224356	higher	True
gastrocnemius muscle	Cdkn1a	HH	WT	10mo_skM_HH_2	HH	True	14503	1.9404054887779492	higher	True
gastrocnemius muscle	Cdkn1a	HH	WT	10mo_skM_HH_3	HH	True	14483	1.8138459545393109	higher	True
gastrocnemius muscle	Cdkn1a	HL1002P	WT	10mo_skM_WT_1	WT	True	14575	1.3691734702666154	higher	True
gastrocnemius muscle	Cdkn1a	HL1002P	WT	10mo_skM_WT_2	WT	True	14482	1.3331679455511383	higher	True
gastrocnemius muscle	Cdkn1a	HL1002P	WT	10mo_skM_WT_3	WT	True	14534	1.3699107070153287	higher	True
gastrocnemius muscle	Cdkn1a	HL1002P	WT	10mo_skM_WT_4	WT	True	14554	1.9308972890617895	higher	True
gastrocnemius muscle	Cdkn1a	HL1002P	WT	10mo_skM_HL1002P_1	HL1002P	True	14522	0.9527516242413334	higher	True
gastrocnemius muscle	Cdkn1a	HL1002P	WT	10mo_skM_HL1002P_2	HL1002P	True	14503	1.726929942828192	higher	True
gastrocnemius muscle	Cdkn1a	HL1002P	WT	10mo_skM_HL1002P_3	HL1002P	True	14505	1.6648042711069195	higher	True
gastrocnemius muscle	Cdkn1a	HL1002P	WT	10mo_skM_HL1002P_4	HL1002P	True	14473	1.4658939345155444	higher	True
gastrocnemius muscle	Cdkn1a	HL1002P	WT	10mo_skM_HH_1	HH	False	14517	1.4832840241139584	higher	True
gastrocnemius muscle	Cdkn1a	HL1002P	WT	10mo_skM_HH_2	HH	False	14503	1.483601867354066	higher	True
gastrocnemius muscle	Cdkn1a	HL1002P	WT	10mo_skM_HH_3	HH	False	14483	1.4832579273095654	higher	True
gastrocnemius muscle	Cdkn1a	HL1002P	HH	10mo_skM_WT_1	WT	False	14575	-0.10677441592617437	lower	True
gastrocnemius muscle	Cdkn1a	HL1002P	HH	10mo_skM_WT_2	WT	False	14482	-0.10333995866782304	lower	True
gastrocnemius muscle	Cdkn1a	HL1002P	HH	10mo_skM_WT_3	WT	False	14534	-0.1040553879444575	lower	True
gastrocnemius muscle	Cdkn1a	HL1002P	HH	10mo_skM_WT_4	WT	False	14554	-0.105901824685245	lower	True
gastrocnemius muscle	Cdkn1a	HL1002P	HH	10mo_skM_HL1002P_1	HL1002P	True	14522	-0.6350033315475305	lower	True
gastrocnemius muscle	Cdkn1a	HL1002P	HH	10mo_skM_HL1002P_2	HL1002P	True	14503	0.13948362075320814	higher	False
gastrocnemius muscle	Cdkn1a	HL1002P	HH	10mo_skM_HL1002P_3	HL1002P	True	14505	0.07765887385700056	higher	False
gastrocnemius muscle	Cdkn1a	HL1002P	HH	10mo_skM_HL1002P_4	HL1002P	True	14473	-0.11986035596329514	lower	True
gastrocnemius muscle	Cdkn1a	HL1002P	HH	10mo_skM_HH_1	HH	True	14517	0.7554692597915228	higher	False
gastrocnemius muscle	Cdkn1a	HL1002P	HH	10mo_skM_HH_2	HH	True	14503	-0.4568036214238831	lower	True
gastrocnemius muscle	Cdkn1a	HL1002P	HH	10mo_skM_HH_3	HH	True	14483	-0.3305880272297455	lower	True
gastrocnemius muscle	Serpine1	HH	WT	10mo_skM_WT_1	WT	True	14575	-0.4330983474246743	lower	True
gastrocnemius muscle	Serpine1	HH	WT	10mo_skM_WT_2	WT	True	14482	-0.2964716236963832	lower	True
gastrocnemius muscle	Serpine1	HH	WT	10mo_skM_WT_3	WT	True	14534	-0.2937041400609696	lower	True
gastrocnemius muscle	Serpine1	HH	WT	10mo_skM_WT_4	WT	True	14554	-0.3451234365644466	lower	True
gastrocnemius muscle	Serpine1	HH	WT	10mo_skM_HL1002P_1	HL1002P	False	14522	-0.34228730002045604	lower	True
gastrocnemius muscle	Serpine1	HH	WT	10mo_skM_HL1002P_2	HL1002P	False	14503	-0.3423963774070336	lower	True
gastrocnemius muscle	Serpine1	HH	WT	10mo_skM_HL1002P_3	HL1002P	False	14505	-0.34272561092092807	lower	True
gastrocnemius muscle	Serpine1	HH	WT	10mo_skM_HL1002P_4	HL1002P	False	14473	-0.34371660251964004	lower	True
gastrocnemius muscle	Serpine1	HH	WT	10mo_skM_HH_1	HH	True	14517	-0.3941304052449987	lower	True
gastrocnemius muscle	Serpine1	HH	WT	10mo_skM_HH_2	HH	True	14503	-0.23287952517067093	lower	True
gastrocnemius muscle	Serpine1	HH	WT	10mo_skM_HH_3	HH	True	14483	-0.40930756794652423	lower	True
gastrocnemius muscle	Serpine1	HL1002P	WT	10mo_skM_WT_1	WT	True	14575	-0.30521290676302143	lower	True
gastrocnemius muscle	Serpine1	HL1002P	WT	10mo_skM_WT_2	WT	True	14482	-0.1663179948107557	lower	True
gastrocnemius muscle	Serpine1	HL1002P	WT	10mo_skM_WT_3	WT	True	14534	-0.16400036780437247	lower	True
gastrocnemius muscle	Serpine1	HL1002P	WT	10mo_skM_WT_4	WT	True	14554	-0.2167280741617258	lower	True
gastrocnemius muscle	Serpine1	HL1002P	WT	10mo_skM_HL1002P_1	HL1002P	True	14522	-0.20767352238792042	lower	True
gastrocnemius muscle	Serpine1	HL1002P	WT	10mo_skM_HL1002P_2	HL1002P	True	14503	-0.12448748868538395	lower	True
gastrocnemius muscle	Serpine1	HL1002P	WT	10mo_skM_HL1002P_3	HL1002P	True	14505	-0.22360817688691456	lower	True
gastrocnemius muscle	Serpine1	HL1002P	WT	10mo_skM_HL1002P_4	HL1002P	True	14473	-0.3003730133075539	lower	True
gastrocnemius muscle	Serpine1	HL1002P	WT	10mo_skM_HH_1	HH	False	14517	-0.213034681916289	lower	True
gastrocnemius muscle	Serpine1	HL1002P	WT	10mo_skM_HH_2	HH	False	14503	-0.21166626316786785	lower	True
gastrocnemius muscle	Serpine1	HL1002P	WT	10mo_skM_HH_3	HH	False	14483	-0.21212554036592743	lower	True
gastrocnemius muscle	Serpine1	HL1002P	HH	10mo_skM_WT_1	WT	False	14575	0.12788544066165278	higher	True
gastrocnemius muscle	Serpine1	HL1002P	HH	10mo_skM_WT_2	WT	False	14482	0.13015362888562731	higher	True
gastrocnemius muscle	Serpine1	HL1002P	HH	10mo_skM_WT_3	WT	False	14534	0.12970377225659738	higher	True
gastrocnemius muscle	Serpine1	HL1002P	HH	10mo_skM_WT_4	WT	False	14554	0.12839536240272073	higher	True
gastrocnemius muscle	Serpine1	HL1002P	HH	10mo_skM_HL1002P_1	HL1002P	True	14522	0.13461377763253563	higher	True
gastrocnemius muscle	Serpine1	HL1002P	HH	10mo_skM_HL1002P_2	HL1002P	True	14503	0.2179088887216496	higher	True
gastrocnemius muscle	Serpine1	HL1002P	HH	10mo_skM_HL1002P_3	HL1002P	True	14505	0.11911743403401376	higher	True
gastrocnemius muscle	Serpine1	HL1002P	HH	10mo_skM_HL1002P_4	HL1002P	True	14473	0.04334358921208631	higher	True
gastrocnemius muscle	Serpine1	HL1002P	HH	10mo_skM_HH_1	HH	True	14517	0.18109572332870982	higher	True
gastrocnemius muscle	Serpine1	HL1002P	HH	10mo_skM_HH_2	HH	True	14503	0.021213262002803178	higher	True
gastrocnemius muscle	Serpine1	HL1002P	HH	10mo_skM_HH_3	HH	True	14483	0.19718202758059675	higher	True
gastrocnemius muscle	Igfbp2	HH	WT	10mo_skM_WT_1	WT	True	14575	3.2133236928182214	higher	True
gastrocnemius muscle	Igfbp2	HH	WT	10mo_skM_WT_2	WT	True	14482	2.9592102503417355	higher	True
gastrocnemius muscle	Igfbp2	HH	WT	10mo_skM_WT_3	WT	True	14534	2.5276229003525787	higher	True
gastrocnemius muscle	Igfbp2	HH	WT	10mo_skM_WT_4	WT	True	14554	2.68066591877404	higher	True
gastrocnemius muscle	Igfbp2	HH	WT	10mo_skM_HL1002P_1	HL1002P	False	14522	2.8257851636204063	higher	True
gastrocnemius muscle	Igfbp2	HH	WT	10mo_skM_HL1002P_2	HL1002P	False	14503	2.82240730652655	higher	True
gastrocnemius muscle	Igfbp2	HH	WT	10mo_skM_HL1002P_3	HL1002P	False	14505	2.8226523400226577	higher	True
gastrocnemius muscle	Igfbp2	HH	WT	10mo_skM_HL1002P_4	HL1002P	False	14473	2.818514717600754	higher	True
gastrocnemius muscle	Igfbp2	HH	WT	10mo_skM_HH_1	HH	True	14517	2.7027115951670995	higher	True
gastrocnemius muscle	Igfbp2	HH	WT	10mo_skM_HH_2	HH	True	14503	2.8583563596468795	higher	True
gastrocnemius muscle	Igfbp2	HH	WT	10mo_skM_HH_3	HH	True	14483	2.895962089624178	higher	True
gastrocnemius muscle	Igfbp2	HL1002P	WT	10mo_skM_WT_1	WT	True	14575	4.220668638982067	higher	True
gastrocnemius muscle	Igfbp2	HL1002P	WT	10mo_skM_WT_2	WT	True	14482	3.969405142084376	higher	True
gastrocnemius muscle	Igfbp2	HL1002P	WT	10mo_skM_WT_3	WT	True	14534	3.5372974932784444	higher	True
gastrocnemius muscle	Igfbp2	HL1002P	WT	10mo_skM_WT_4	WT	True	14554	3.688649334686851	higher	True
gastrocnemius muscle	Igfbp2	HL1002P	WT	10mo_skM_HL1002P_1	HL1002P	True	14522	2.4061035781023534	higher	True
gastrocnemius muscle	Igfbp2	HL1002P	WT	10mo_skM_HL1002P_2	HL1002P	True	14503	4.1657842258525175	higher	True
gastrocnemius muscle	Igfbp2	HL1002P	WT	10mo_skM_HL1002P_3	HL1002P	True	14505	4.098876195722417	higher	True
gastrocnemius muscle	Igfbp2	HL1002P	WT	10mo_skM_HL1002P_4	HL1002P	True	14473	4.051142986122251	higher	True
gastrocnemius muscle	Igfbp2	HL1002P	WT	10mo_skM_HH_1	HH	False	14517	3.835585722446549	higher	True
gastrocnemius muscle	Igfbp2	HL1002P	WT	10mo_skM_HH_2	HH	False	14503	3.83316612021158	higher	True
gastrocnemius muscle	Igfbp2	HL1002P	WT	10mo_skM_HH_3	HH	False	14483	3.831729619657669	higher	True
gastrocnemius muscle	Igfbp2	HL1002P	HH	10mo_skM_WT_1	WT	False	14575	1.0073449461638457	higher	True
gastrocnemius muscle	Igfbp2	HL1002P	HH	10mo_skM_WT_2	WT	False	14482	1.0101948917426402	higher	True
gastrocnemius muscle	Igfbp2	HL1002P	HH	10mo_skM_WT_3	WT	False	14534	1.0096745929258657	higher	True
gastrocnemius muscle	Igfbp2	HL1002P	HH	10mo_skM_WT_4	WT	False	14554	1.007983415912811	higher	True
gastrocnemius muscle	Igfbp2	HL1002P	HH	10mo_skM_HL1002P_1	HL1002P	True	14522	-0.4196815855180531	lower	False
gastrocnemius muscle	Igfbp2	HL1002P	HH	10mo_skM_HL1002P_2	HL1002P	True	14503	1.3433769193259677	higher	True
gastrocnemius muscle	Igfbp2	HL1002P	HH	10mo_skM_HL1002P_3	HL1002P	True	14505	1.2762238556997592	higher	True
gastrocnemius muscle	Igfbp2	HL1002P	HH	10mo_skM_HL1002P_4	HL1002P	True	14473	1.2326282685214969	higher	True
gastrocnemius muscle	Igfbp2	HL1002P	HH	10mo_skM_HH_1	HH	True	14517	1.1328741272794491	higher	True
gastrocnemius muscle	Igfbp2	HL1002P	HH	10mo_skM_HH_2	HH	True	14503	0.9748097605647007	higher	True
gastrocnemius muscle	Igfbp2	HL1002P	HH	10mo_skM_HH_3	HH	True	14483	0.9357675300334912	higher	True
gastrocnemius muscle	Il6	HH	WT	10mo_skM_WT_1	WT	True	14575	0.43461572440060137	higher	False
gastrocnemius muscle	Il6	HH	WT	10mo_skM_WT_2	WT	True	14482	-0.12588568033521702	lower	True
gastrocnemius muscle	Il6	HH	WT	10mo_skM_WT_3	WT	True	14534	-0.45864074446508085	lower	True
gastrocnemius muscle	Il6	HH	WT	10mo_skM_WT_4	WT	True	14554	-0.24376399363613732	lower	True
gastrocnemius muscle	Il6	HH	WT	10mo_skM_HL1002P_1	HL1002P	False	14522	-0.1324870382812875	lower	True
gastrocnemius muscle	Il6	HH	WT	10mo_skM_HL1002P_2	HL1002P	False	14503	-0.13267397160983768	lower	True
gastrocnemius muscle	Il6	HH	WT	10mo_skM_HL1002P_3	HL1002P	False	14505	-0.13278534325092248	lower	True
gastrocnemius muscle	Il6	HH	WT	10mo_skM_HL1002P_4	HL1002P	False	14473	-0.1333063229167679	lower	True
gastrocnemius muscle	Il6	HH	WT	10mo_skM_HH_1	HH	True	14517	-1.1007486623280314	lower	True
gastrocnemius muscle	Il6	HH	WT	10mo_skM_HH_2	HH	True	14503	0.035560894505610466	higher	False
gastrocnemius muscle	Il6	HH	WT	10mo_skM_HH_3	HH	True	14483	0.31530504044634705	higher	False
gastrocnemius muscle	Il6	HL1002P	WT	10mo_skM_WT_1	WT	True	14575	0.11680380912119351	higher	False
gastrocnemius muscle	Il6	HL1002P	WT	10mo_skM_WT_2	WT	True	14482	-0.4389164864595071	lower	True
gastrocnemius muscle	Il6	HL1002P	WT	10mo_skM_WT_3	WT	True	14534	-0.7755379713248655	lower	True
gastrocnemius muscle	Il6	HL1002P	WT	10mo_skM_WT_4	WT	True	14554	-0.561278779577529	lower	True
gastrocnemius muscle	Il6	HL1002P	WT	10mo_skM_HL1002P_1	HL1002P	True	14522	-0.5532462720573268	lower	True
gastrocnemius muscle	Il6	HL1002P	WT	10mo_skM_HL1002P_2	HL1002P	True	14503	-0.4589171877033538	lower	True
gastrocnemius muscle	Il6	HL1002P	WT	10mo_skM_HL1002P_3	HL1002P	True	14505	-0.16124113069969812	lower	True
gastrocnemius muscle	Il6	HL1002P	WT	10mo_skM_HL1002P_4	HL1002P	True	14473	-0.6746663503426464	lower	True
gastrocnemius muscle	Il6	HL1002P	WT	10mo_skM_HH_1	HH	False	14517	-0.44906772369979736	lower	True
gastrocnemius muscle	Il6	HL1002P	WT	10mo_skM_HH_2	HH	False	14503	-0.44690581824520675	lower	True
gastrocnemius muscle	Il6	HL1002P	WT	10mo_skM_HH_3	HH	False	14483	-0.4480797592473096	lower	True
gastrocnemius muscle	Il6	HL1002P	HH	10mo_skM_WT_1	WT	False	14575	-0.3178119152794078	lower	True
gastrocnemius muscle	Il6	HL1002P	HH	10mo_skM_WT_2	WT	False	14482	-0.3130308061242901	lower	True
gastrocnemius muscle	Il6	HL1002P	HH	10mo_skM_WT_3	WT	False	14534	-0.3168972268597845	lower	True
gastrocnemius muscle	Il6	HL1002P	HH	10mo_skM_WT_4	WT	False	14554	-0.31751478594139176	lower	True
gastrocnemius muscle	Il6	HL1002P	HH	10mo_skM_HL1002P_1	HL1002P	True	14522	-0.4207592337760394	lower	True
gastrocnemius muscle	Il6	HL1002P	HH	10mo_skM_HL1002P_2	HL1002P	True	14503	-0.32624321609351614	lower	True
gastrocnemius muscle	Il6	HL1002P	HH	10mo_skM_HL1002P_3	HL1002P	True	14505	-0.028455787448775617	lower	True
gastrocnemius muscle	Il6	HL1002P	HH	10mo_skM_HL1002P_4	HL1002P	True	14473	-0.5413600274258787	lower	True
gastrocnemius muscle	Il6	HL1002P	HH	10mo_skM_HH_1	HH	True	14517	0.6516809386282342	higher	False
gastrocnemius muscle	Il6	HL1002P	HH	10mo_skM_HH_2	HH	True	14503	-0.4824667127508172	lower	True
gastrocnemius muscle	Il6	HL1002P	HH	10mo_skM_HH_3	HH	True	14483	-0.7633847996936567	lower	True
gastrocnemius muscle	Ccl2	HH	WT	10mo_skM_WT_1	WT	True	14575	0.8727793902275565	higher	True
gastrocnemius muscle	Ccl2	HH	WT	10mo_skM_WT_2	WT	True	14482	1.6873957297437767	higher	True
gastrocnemius muscle	Ccl2	HH	WT	10mo_skM_WT_3	WT	True	14534	0.8353404170705276	higher	True
gastrocnemius muscle	Ccl2	HH	WT	10mo_skM_WT_4	WT	True	14554	0.9252366678115171	higher	True
gastrocnemius muscle	Ccl2	HH	WT	10mo_skM_HL1002P_1	HL1002P	False	14522	1.0419307182227544	higher	True
gastrocnemius muscle	Ccl2	HH	WT	10mo_skM_HL1002P_2	HL1002P	False	14503	1.0419527798207364	higher	True
gastrocnemius muscle	Ccl2	HH	WT	10mo_skM_HL1002P_3	HL1002P	False	14505	1.0415803184363657	higher	True
gastrocnemius muscle	Ccl2	HH	WT	10mo_skM_HL1002P_4	HL1002P	False	14473	1.0401969850491346	higher	True
gastrocnemius muscle	Ccl2	HH	WT	10mo_skM_HH_1	HH	True	14517	1.0774865372385976	higher	True
gastrocnemius muscle	Ccl2	HH	WT	10mo_skM_HH_2	HH	True	14503	0.7393749239308105	higher	True
gastrocnemius muscle	Ccl2	HH	WT	10mo_skM_HH_3	HH	True	14483	1.2589658821556555	higher	True
gastrocnemius muscle	Ccl2	HL1002P	WT	10mo_skM_WT_1	WT	True	14575	0.7075474635299552	higher	True
gastrocnemius muscle	Ccl2	HL1002P	WT	10mo_skM_WT_2	WT	True	14482	1.5244224820054026	higher	True
gastrocnemius muscle	Ccl2	HL1002P	WT	10mo_skM_WT_3	WT	True	14534	0.6721393730390041	higher	True
gastrocnemius muscle	Ccl2	HL1002P	WT	10mo_skM_WT_4	WT	True	14554	0.760693896993067	higher	True
gastrocnemius muscle	Ccl2	HL1002P	WT	10mo_skM_HL1002P_1	HL1002P	True	14522	0.6777485315155126	higher	True
gastrocnemius muscle	Ccl2	HL1002P	WT	10mo_skM_HL1002P_2	HL1002P	True	14503	1.0261485016302785	higher	True
gastrocnemius muscle	Ccl2	HL1002P	WT	10mo_skM_HL1002P_3	HL1002P	True	14505	0.9140187565459531	higher	True
gastrocnemius muscle	Ccl2	HL1002P	WT	10mo_skM_HL1002P_4	HL1002P	True	14473	0.8752028165486072	higher	True
gastrocnemius muscle	Ccl2	HL1002P	WT	10mo_skM_HH_1	HH	False	14517	0.8788762592554255	higher	True
gastrocnemius muscle	Ccl2	HL1002P	WT	10mo_skM_HH_2	HH	False	14503	0.8801539155675084	higher	True
gastrocnemius muscle	Ccl2	HL1002P	WT	10mo_skM_HH_3	HH	False	14483	0.8790963523435169	higher	True
gastrocnemius muscle	Ccl2	HL1002P	HH	10mo_skM_WT_1	WT	False	14575	-0.16523192669760137	lower	True
gastrocnemius muscle	Ccl2	HL1002P	HH	10mo_skM_WT_2	WT	False	14482	-0.16297324773837393	lower	True
gastrocnemius muscle	Ccl2	HL1002P	HH	10mo_skM_WT_3	WT	False	14534	-0.16320104403152355	lower	True
gastrocnemius muscle	Ccl2	HL1002P	HH	10mo_skM_WT_4	WT	False	14554	-0.16454277081845034	lower	True
gastrocnemius muscle	Ccl2	HL1002P	HH	10mo_skM_HL1002P_1	HL1002P	True	14522	-0.3641821867072418	lower	True
gastrocnemius muscle	Ccl2	HL1002P	HH	10mo_skM_HL1002P_2	HL1002P	True	14503	-0.015804278190457703	lower	True
gastrocnemius muscle	Ccl2	HL1002P	HH	10mo_skM_HL1002P_3	HL1002P	True	14505	-0.12756156189041257	lower	True
gastrocnemius muscle	Ccl2	HL1002P	HH	10mo_skM_HL1002P_4	HL1002P	True	14473	-0.16499416850052762	lower	True
gastrocnemius muscle	Ccl2	HL1002P	HH	10mo_skM_HH_1	HH	True	14517	-0.19861027798317227	lower	True
gastrocnemius muscle	Ccl2	HL1002P	HH	10mo_skM_HH_2	HH	True	14503	0.1407789916366979	higher	False
gastrocnemius muscle	Ccl2	HL1002P	HH	10mo_skM_HH_3	HH	True	14483	-0.3798695298121384	lower	True
gastrocnemius muscle	Mmp3	HH	WT	10mo_skM_WT_1	WT	True	14575	-0.2302356884853015	lower	True
gastrocnemius muscle	Mmp3	HH	WT	10mo_skM_WT_2	WT	True	14482	0.02788013655438906	higher	False
gastrocnemius muscle	Mmp3	HH	WT	10mo_skM_WT_3	WT	True	14534	0.4358775973739077	higher	False
gastrocnemius muscle	Mmp3	HH	WT	10mo_skM_WT_4	WT	True	14554	-0.22052559848499179	lower	True
gastrocnemius muscle	Mmp3	HH	WT	10mo_skM_HL1002P_1	HL1002P	False	14522	-0.020519061356204765	lower	True
gastrocnemius muscle	Mmp3	HH	WT	10mo_skM_HL1002P_2	HL1002P	False	14503	-0.020550475970929075	lower	True
gastrocnemius muscle	Mmp3	HH	WT	10mo_skM_HL1002P_3	HL1002P	False	14505	-0.02077102972440939	lower	True
gastrocnemius muscle	Mmp3	HH	WT	10mo_skM_HL1002P_4	HL1002P	False	14473	-0.021521399024057558	lower	True
gastrocnemius muscle	Mmp3	HH	WT	10mo_skM_HH_1	HH	True	14517	0.2682616152549706	higher	False
gastrocnemius muscle	Mmp3	HH	WT	10mo_skM_HH_2	HH	True	14503	0.15281466765052532	higher	False
gastrocnemius muscle	Mmp3	HH	WT	10mo_skM_HH_3	HH	True	14483	-0.6439932659799263	lower	True
gastrocnemius muscle	Mmp3	HL1002P	WT	10mo_skM_WT_1	WT	True	14575	0.6241110633181391	higher	True
gastrocnemius muscle	Mmp3	HL1002P	WT	10mo_skM_WT_2	WT	True	14482	0.8840932081409775	higher	True
gastrocnemius muscle	Mmp3	HL1002P	WT	10mo_skM_WT_3	WT	True	14534	1.2919404785596849	higher	True
gastrocnemius muscle	Mmp3	HL1002P	WT	10mo_skM_WT_4	WT	True	14554	0.6343736343556038	higher	True
gastrocnemius muscle	Mmp3	HL1002P	WT	10mo_skM_HL1002P_1	HL1002P	True	14522	1.1076890544290041	higher	True
gastrocnemius muscle	Mmp3	HL1002P	WT	10mo_skM_HL1002P_2	HL1002P	True	14503	1.1229958048164221	higher	True
gastrocnemius muscle	Mmp3	HL1002P	WT	10mo_skM_HL1002P_3	HL1002P	True	14505	0.6403222560363632	higher	True
gastrocnemius muscle	Mmp3	HL1002P	WT	10mo_skM_HL1002P_4	HL1002P	True	14473	0.32206061525340834	higher	True
gastrocnemius muscle	Mmp3	HL1002P	WT	10mo_skM_HH_1	HH	False	14517	0.8347036027766477	higher	True
gastrocnemius muscle	Mmp3	HL1002P	WT	10mo_skM_HH_2	HH	False	14503	0.8368630928625758	higher	True
gastrocnemius muscle	Mmp3	HL1002P	WT	10mo_skM_HH_3	HH	False	14483	0.8370395416201601	higher	True
gastrocnemius muscle	Mmp3	HL1002P	HH	10mo_skM_WT_1	WT	False	14575	0.8543467518034406	higher	True
gastrocnemius muscle	Mmp3	HL1002P	HH	10mo_skM_WT_2	WT	False	14482	0.8562130715865885	higher	True
gastrocnemius muscle	Mmp3	HL1002P	HH	10mo_skM_WT_3	WT	False	14534	0.8560628811857772	higher	True
gastrocnemius muscle	Mmp3	HL1002P	HH	10mo_skM_WT_4	WT	False	14554	0.8548992328405955	higher	True
gastrocnemius muscle	Mmp3	HL1002P	HH	10mo_skM_HL1002P_1	HL1002P	True	14522	1.1282081157852089	higher	True
gastrocnemius muscle	Mmp3	HL1002P	HH	10mo_skM_HL1002P_2	HL1002P	True	14503	1.1435462807873513	higher	True
gastrocnemius muscle	Mmp3	HL1002P	HH	10mo_skM_HL1002P_3	HL1002P	True	14505	0.6610932857607728	higher	True
gastrocnemius muscle	Mmp3	HL1002P	HH	10mo_skM_HL1002P_4	HL1002P	True	14473	0.3435820142774659	higher	True
gastrocnemius muscle	Mmp3	HL1002P	HH	10mo_skM_HH_1	HH	True	14517	0.5664419875216771	higher	True
gastrocnemius muscle	Mmp3	HL1002P	HH	10mo_skM_HH_2	HH	True	14503	0.6840484252120503	higher	True
gastrocnemius muscle	Mmp3	HL1002P	HH	10mo_skM_HH_3	HH	True	14483	1.4810328076000865	higher	True
fat (IAT)	Cdkn2a	HH	WT	10mo_fat_WT_1	WT	True	15732	1.6821363946287688	higher	True
fat (IAT)	Cdkn2a	HH	WT	10mo_fat_WT_2	WT	True	15685	2.008196896591946	higher	True
fat (IAT)	Cdkn2a	HH	WT	10mo_fat_WT_3	WT	True	15583	1.9364084825809567	higher	True
fat (IAT)	Cdkn2a	HH	WT	10mo_fat_WT_4	WT	True	15609	1.6938916456362993	higher	True
fat (IAT)	Cdkn2a	HH	WT	10mo_fat_HL1002P_1	HL1002P	False	15636	1.8232396197773828	higher	True
fat (IAT)	Cdkn2a	HH	WT	10mo_fat_HL1002P_2	HL1002P	False	15595	1.821176835045165	higher	True
fat (IAT)	Cdkn2a	HH	WT	10mo_fat_HL1002P_3	HL1002P	False	15593	1.8214151545500517	higher	True
fat (IAT)	Cdkn2a	HH	WT	10mo_fat_HL1002P_4	HL1002P	False	15616	1.8231303423315683	higher	True
fat (IAT)	Cdkn2a	HH	WT	10mo_fat_HH_1	HH	True	15593	2.0466175425105044	higher	True
fat (IAT)	Cdkn2a	HH	WT	10mo_fat_HH_2	HH	True	15597	1.3970602055984296	higher	True
fat (IAT)	Cdkn2a	HH	WT	10mo_fat_HH_3	HH	True	15702	1.6801244273073968	higher	True
fat (IAT)	Cdkn2a	HH	WT	10mo_fat_HH_4	HH	True	15626	2.0653293668437605	higher	True
fat (IAT)	Cdkn2a	HL1002P	WT	10mo_fat_WT_1	WT	True	15732	1.744102666399842	higher	True
fat (IAT)	Cdkn2a	HL1002P	WT	10mo_fat_WT_2	WT	True	15685	2.0713169360336945	higher	True
fat (IAT)	Cdkn2a	HL1002P	WT	10mo_fat_WT_3	WT	True	15583	2.0014146122748167	higher	True
fat (IAT)	Cdkn2a	HL1002P	WT	10mo_fat_WT_4	WT	True	15609	1.7607657290333847	higher	True
fat (IAT)	Cdkn2a	HL1002P	WT	10mo_fat_HL1002P_1	HL1002P	True	15636	1.7525123866286316	higher	True
fat (IAT)	Cdkn2a	HL1002P	WT	10mo_fat_HL1002P_2	HL1002P	True	15595	1.9017213529840002	higher	True
fat (IAT)	Cdkn2a	HL1002P	WT	10mo_fat_HL1002P_3	HL1002P	True	15593	1.8663968108969022	higher	True
fat (IAT)	Cdkn2a	HL1002P	WT	10mo_fat_HL1002P_4	HL1002P	True	15616	2.017467091053328	higher	True
fat (IAT)	Cdkn2a	HL1002P	WT	10mo_fat_HH_1	HH	False	15593	1.8876835327504276	higher	True
fat (IAT)	Cdkn2a	HL1002P	WT	10mo_fat_HH_2	HH	False	15597	1.8864649040536718	higher	True
fat (IAT)	Cdkn2a	HL1002P	WT	10mo_fat_HH_3	HH	False	15702	1.8903094714652302	higher	True
fat (IAT)	Cdkn2a	HL1002P	WT	10mo_fat_HH_4	HH	False	15626	1.8883271392470848	higher	True
fat (IAT)	Cdkn2a	HL1002P	HH	10mo_fat_WT_1	WT	False	15732	0.061966271771073396	higher	True
fat (IAT)	Cdkn2a	HL1002P	HH	10mo_fat_WT_2	WT	False	15685	0.06312003944174858	higher	True
fat (IAT)	Cdkn2a	HL1002P	HH	10mo_fat_WT_3	WT	False	15583	0.06500612969386008	higher	True
fat (IAT)	Cdkn2a	HL1002P	HH	10mo_fat_WT_4	WT	False	15609	0.06687408339708555	higher	True
fat (IAT)	Cdkn2a	HL1002P	HH	10mo_fat_HL1002P_1	HL1002P	True	15636	-0.07072723314875129	lower	False
fat (IAT)	Cdkn2a	HL1002P	HH	10mo_fat_HL1002P_2	HL1002P	True	15595	0.08054451793883538	higher	True
fat (IAT)	Cdkn2a	HL1002P	HH	10mo_fat_HL1002P_3	HL1002P	True	15593	0.04498165634685085	higher	True
fat (IAT)	Cdkn2a	HL1002P	HH	10mo_fat_HL1002P_4	HL1002P	True	15616	0.1943367487217597	higher	True
fat (IAT)	Cdkn2a	HL1002P	HH	10mo_fat_HH_1	HH	True	15593	-0.15893400976007666	lower	False
fat (IAT)	Cdkn2a	HL1002P	HH	10mo_fat_HH_2	HH	True	15597	0.48940469845524226	higher	True
fat (IAT)	Cdkn2a	HL1002P	HH	10mo_fat_HH_3	HH	True	15702	0.21018504415783332	higher	True
fat (IAT)	Cdkn2a	HL1002P	HH	10mo_fat_HH_4	HH	True	15626	-0.17700222759667547	lower	False
fat (IAT)	Cdkn1a	HH	WT	10mo_fat_WT_1	WT	True	15732	-1.2981815335542288	lower	True
fat (IAT)	Cdkn1a	HH	WT	10mo_fat_WT_2	WT	True	15685	-1.2075624300337557	lower	True
fat (IAT)	Cdkn1a	HH	WT	10mo_fat_WT_3	WT	True	15583	-1.3778895795686728	lower	True
fat (IAT)	Cdkn1a	HH	WT	10mo_fat_WT_4	WT	True	15609	-1.4699320185445806	lower	True
fat (IAT)	Cdkn1a	HH	WT	10mo_fat_HL1002P_1	HL1002P	False	15636	-1.344528372101637	lower	True
fat (IAT)	Cdkn1a	HH	WT	10mo_fat_HL1002P_2	HL1002P	False	15595	-1.3458891971953315	lower	True
fat (IAT)	Cdkn1a	HH	WT	10mo_fat_HL1002P_3	HL1002P	False	15593	-1.3446776997354508	lower	True
fat (IAT)	Cdkn1a	HH	WT	10mo_fat_HL1002P_4	HL1002P	False	15616	-1.343050963447751	lower	True
fat (IAT)	Cdkn1a	HH	WT	10mo_fat_HH_1	HH	True	15593	-1.250246204351829	lower	True
fat (IAT)	Cdkn1a	HH	WT	10mo_fat_HH_2	HH	True	15597	-1.422858076727125	lower	True
fat (IAT)	Cdkn1a	HH	WT	10mo_fat_HH_3	HH	True	15702	-1.2738672597411558	lower	True
fat (IAT)	Cdkn1a	HH	WT	10mo_fat_HH_4	HH	True	15626	-1.4358760917250057	lower	True
fat (IAT)	Cdkn1a	HL1002P	WT	10mo_fat_WT_1	WT	True	15732	-1.1931983310441727	lower	True
fat (IAT)	Cdkn1a	HL1002P	WT	10mo_fat_WT_2	WT	True	15685	-1.100579637200262	lower	True
fat (IAT)	Cdkn1a	HL1002P	WT	10mo_fat_WT_3	WT	True	15583	-1.2684394687088136	lower	True
fat (IAT)	Cdkn1a	HL1002P	WT	10mo_fat_WT_4	WT	True	15609	-1.3592918146301216	lower	True
fat (IAT)	Cdkn1a	HL1002P	WT	10mo_fat_HL1002P_1	HL1002P	True	15636	-1.1224560722465469	lower	True
fat (IAT)	Cdkn1a	HL1002P	WT	10mo_fat_HL1002P_2	HL1002P	True	15595	-1.1742275596210556	lower	True
fat (IAT)	Cdkn1a	HL1002P	WT	10mo_fat_HL1002P_3	HL1002P	True	15593	-1.210458023400145	lower	True
fat (IAT)	Cdkn1a	HL1002P	WT	10mo_fat_HL1002P_4	HL1002P	True	15616	-1.4492498557802944	lower	True
fat (IAT)	Cdkn1a	HL1002P	WT	10mo_fat_HH_1	HH	False	15593	-1.2336839243055067	lower	True
fat (IAT)	Cdkn1a	HL1002P	WT	10mo_fat_HH_2	HH	False	15597	-1.2335905130486955	lower	True
fat (IAT)	Cdkn1a	HL1002P	WT	10mo_fat_HH_3	HH	False	15702	-1.232601511734723	lower	True
fat (IAT)	Cdkn1a	HL1002P	WT	10mo_fat_HH_4	HH	False	15626	-1.2333631362980524	lower	True
fat (IAT)	Cdkn1a	HL1002P	HH	10mo_fat_WT_1	WT	False	15732	0.10498320251005626	higher	True
fat (IAT)	Cdkn1a	HL1002P	HH	10mo_fat_WT_2	WT	False	15685	0.10698279283349373	higher	True
fat (IAT)	Cdkn1a	HL1002P	HH	10mo_fat_WT_3	WT	False	15583	0.10945011085985897	higher	True
fat (IAT)	Cdkn1a	HL1002P	HH	10mo_fat_WT_4	WT	False	15609	0.11064020391445903	higher	True
fat (IAT)	Cdkn1a	HL1002P	HH	10mo_fat_HL1002P_1	HL1002P	True	15636	0.22207229985508997	higher	True
fat (IAT)	Cdkn1a	HL1002P	HH	10mo_fat_HL1002P_2	HL1002P	True	15595	0.17166163757427605	higher	True
fat (IAT)	Cdkn1a	HL1002P	HH	10mo_fat_HL1002P_3	HL1002P	True	15593	0.13421967633530568	higher	True
fat (IAT)	Cdkn1a	HL1002P	HH	10mo_fat_HL1002P_4	HL1002P	True	15616	-0.10619889233254334	lower	False
fat (IAT)	Cdkn1a	HL1002P	HH	10mo_fat_HH_1	HH	True	15593	0.016562280046322254	higher	True
fat (IAT)	Cdkn1a	HL1002P	HH	10mo_fat_HH_2	HH	True	15597	0.18926756367842956	higher	True
fat (IAT)	Cdkn1a	HL1002P	HH	10mo_fat_HH_3	HH	True	15702	0.04126574800643282	higher	True
fat (IAT)	Cdkn1a	HL1002P	HH	10mo_fat_HH_4	HH	True	15626	0.20251295542695344	higher	True
fat (IAT)	Serpine1	HH	WT	10mo_fat_WT_1	WT	True	15732	-2.532432774461423	lower	True
fat (IAT)	Serpine1	HH	WT	10mo_fat_WT_2	WT	True	15685	-2.406774329013301	lower	True
fat (IAT)	Serpine1	HH	WT	10mo_fat_WT_3	WT	True	15583	-2.687913154513237	lower	True
fat (IAT)	Serpine1	HH	WT	10mo_fat_WT_4	WT	True	15609	-3.0445375476331686	lower	True
fat (IAT)	Serpine1	HH	WT	10mo_fat_HL1002P_1	HL1002P	False	15636	-2.6916947152933117	lower	True
fat (IAT)	Serpine1	HH	WT	10mo_fat_HL1002P_2	HL1002P	False	15595	-2.69275831985221	lower	True
fat (IAT)	Serpine1	HH	WT	10mo_fat_HL1002P_3	HL1002P	False	15593	-2.6912828263866615	lower	True
fat (IAT)	Serpine1	HH	WT	10mo_fat_HL1002P_4	HL1002P	False	15616	-2.6893065712892157	lower	True
fat (IAT)	Serpine1	HH	WT	10mo_fat_HH_1	HH	True	15593	-2.5859898310410414	lower	True
fat (IAT)	Serpine1	HH	WT	10mo_fat_HH_2	HH	True	15597	-2.9223268909868776	lower	True
fat (IAT)	Serpine1	HH	WT	10mo_fat_HH_3	HH	True	15702	-2.3945638495084545	lower	True
fat (IAT)	Serpine1	HH	WT	10mo_fat_HH_4	HH	True	15626	-2.9278436987740175	lower	True
fat (IAT)	Serpine1	HL1002P	WT	10mo_fat_WT_1	WT	True	15732	-2.598429895092359	lower	True
fat (IAT)	Serpine1	HL1002P	WT	10mo_fat_WT_2	WT	True	15685	-2.4726580428056493	lower	True
fat (IAT)	Serpine1	HL1002P	WT	10mo_fat_WT_3	WT	True	15583	-2.7485542225909465	lower	True
fat (IAT)	Serpine1	HL1002P	WT	10mo_fat_WT_4	WT	True	15609	-3.1043692910610132	lower	True
fat (IAT)	Serpine1	HL1002P	WT	10mo_fat_HL1002P_1	HL1002P	True	15636	-2.469979226845544	lower	True
fat (IAT)	Serpine1	HL1002P	WT	10mo_fat_HL1002P_2	HL1002P	True	15595	-2.51177548216133	lower	True
fat (IAT)	Serpine1	HL1002P	WT	10mo_fat_HL1002P_3	HL1002P	True	15593	-2.5747081744887343	lower	True
fat (IAT)	Serpine1	HL1002P	WT	10mo_fat_HL1002P_4	HL1002P	True	15616	-3.834355721114649	lower	True
fat (IAT)	Serpine1	HL1002P	WT	10mo_fat_HH_1	HH	False	15593	-2.753015768105129	lower	True
fat (IAT)	Serpine1	HL1002P	WT	10mo_fat_HH_2	HH	False	15597	-2.7497218787667537	lower	True
fat (IAT)	Serpine1	HL1002P	WT	10mo_fat_HH_3	HH	False	15702	-2.751482304733283	lower	True
fat (IAT)	Serpine1	HL1002P	WT	10mo_fat_HH_4	HH	False	15626	-2.7520291055883557	lower	True
fat (IAT)	Serpine1	HL1002P	HH	10mo_fat_WT_1	WT	False	15732	-0.06599712063093607	lower	True
fat (IAT)	Serpine1	HL1002P	HH	10mo_fat_WT_2	WT	False	15685	-0.06588371379234824	lower	True
fat (IAT)	Serpine1	HL1002P	HH	10mo_fat_WT_3	WT	False	15583	-0.06064106807770958	lower	True
fat (IAT)	Serpine1	HL1002P	HH	10mo_fat_WT_4	WT	False	15609	-0.059831743427844815	lower	True
fat (IAT)	Serpine1	HL1002P	HH	10mo_fat_HL1002P_1	HL1002P	True	15636	0.22171548844776773	higher	False
fat (IAT)	Serpine1	HL1002P	HH	10mo_fat_HL1002P_2	HL1002P	True	15595	0.18098283769088042	higher	False
fat (IAT)	Serpine1	HL1002P	HH	10mo_fat_HL1002P_3	HL1002P	True	15593	0.11657465189792679	higher	False
fat (IAT)	Serpine1	HL1002P	HH	10mo_fat_HL1002P_4	HL1002P	True	15616	-1.145049149825433	lower	True
fat (IAT)	Serpine1	HL1002P	HH	10mo_fat_HH_1	HH	True	15593	-0.16702593706408753	lower	True
fat (IAT)	Serpine1	HL1002P	HH	10mo_fat_HH_2	HH	True	15597	0.1726050122201236	higher	False
fat (IAT)	Serpine1	HL1002P	HH	10mo_fat_HH_3	HH	True	15702	-0.3569184552248284	lower	True
fat (IAT)	Serpine1	HL1002P	HH	10mo_fat_HH_4	HH	True	15626	0.17581459318566175	higher	False
fat (IAT)	Igfbp2	HH	WT	10mo_fat_WT_1	WT	True	15732	-0.1466724546099017	lower	False
fat (IAT)	Igfbp2	HH	WT	10mo_fat_WT_2	WT	True	15685	0.01597128652822667	higher	True
fat (IAT)	Igfbp2	HH	WT	10mo_fat_WT_3	WT	True	15583	0.025564528184693198	higher	True
fat (IAT)	Igfbp2	HH	WT	10mo_fat_WT_4	WT	True	15609	1.570574427119111	higher	True
fat (IAT)	Igfbp2	HH	WT	10mo_fat_HL1002P_1	HL1002P	False	15636	0.22403989054786427	higher	True
fat (IAT)	Igfbp2	HH	WT	10mo_fat_HL1002P_2	HL1002P	False	15595	0.2208548001639631	higher	True
fat (IAT)	Igfbp2	HH	WT	10mo_fat_HL1002P_3	HL1002P	False	15593	0.2213391613236579	higher	True
fat (IAT)	Igfbp2	HH	WT	10mo_fat_HL1002P_4	HL1002P	False	15616	0.2233479805884315	higher	True
fat (IAT)	Igfbp2	HH	WT	10mo_fat_HH_1	HH	True	15593	0.48350417662961104	higher	True
fat (IAT)	Igfbp2	HH	WT	10mo_fat_HH_2	HH	True	15597	0.13144070853805254	higher	True
fat (IAT)	Igfbp2	HH	WT	10mo_fat_HH_3	HH	True	15702	0.1070456565684194	higher	True
fat (IAT)	Igfbp2	HH	WT	10mo_fat_HH_4	HH	True	15626	0.13705014894280004	higher	True
fat (IAT)	Igfbp2	HL1002P	WT	10mo_fat_WT_1	WT	True	15732	-0.8487081201246244	lower	True
fat (IAT)	Igfbp2	HL1002P	WT	10mo_fat_WT_2	WT	True	15685	-0.6854699048566913	lower	True
fat (IAT)	Igfbp2	HL1002P	WT	10mo_fat_WT_3	WT	True	15583	-0.6722477049401984	lower	True
fat (IAT)	Igfbp2	HL1002P	WT	10mo_fat_WT_4	WT	True	15609	0.8739312162111597	higher	False
fat (IAT)	Igfbp2	HL1002P	WT	10mo_fat_HL1002P_1	HL1002P	True	15636	-0.19603175970263656	lower	True
fat (IAT)	Igfbp2	HL1002P	WT	10mo_fat_HL1002P_2	HL1002P	True	15595	-0.6807405115896389	lower	True
fat (IAT)	Igfbp2	HL1002P	WT	10mo_fat_HL1002P_3	HL1002P	True	15593	-0.3562933282970224	lower	True
fat (IAT)	Igfbp2	HL1002P	WT	10mo_fat_HL1002P_4	HL1002P	True	15616	-0.7392332907300121	lower	True
fat (IAT)	Igfbp2	HL1002P	WT	10mo_fat_HH_1	HH	False	15593	-0.4721365118985336	lower	True
fat (IAT)	Igfbp2	HL1002P	WT	10mo_fat_HH_2	HH	False	15597	-0.4785005748057038	lower	True
fat (IAT)	Igfbp2	HL1002P	WT	10mo_fat_HH_3	HH	False	15702	-0.4759404529739541	lower	True
fat (IAT)	Igfbp2	HL1002P	WT	10mo_fat_HH_4	HH	False	15626	-0.47326427909798724	lower	True
fat (IAT)	Igfbp2	HL1002P	HH	10mo_fat_WT_1	WT	False	15732	-0.7020356655147229	lower	True
fat (IAT)	Igfbp2	HL1002P	HH	10mo_fat_WT_2	WT	False	15685	-0.7014411913849182	lower	True
fat (IAT)	Igfbp2	HL1002P	HH	10mo_fat_WT_3	WT	False	15583	-0.6978122331248916	lower	True
fat (IAT)	Igfbp2	HL1002P	HH	10mo_fat_WT_4	WT	False	15609	-0.6966432109079513	lower	True
fat (IAT)	Igfbp2	HL1002P	HH	10mo_fat_HL1002P_1	HL1002P	True	15636	-0.42007165025050053	lower	True
fat (IAT)	Igfbp2	HL1002P	HH	10mo_fat_HL1002P_2	HL1002P	True	15595	-0.9015953117536022	lower	True
fat (IAT)	Igfbp2	HL1002P	HH	10mo_fat_HL1002P_3	HL1002P	True	15593	-0.5776324896206803	lower	True
fat (IAT)	Igfbp2	HL1002P	HH	10mo_fat_HL1002P_4	HL1002P	True	15616	-0.9625812713184436	lower	True
fat (IAT)	Igfbp2	HL1002P	HH	10mo_fat_HH_1	HH	True	15593	-0.9556406885281447	lower	True
fat (IAT)	Igfbp2	HL1002P	HH	10mo_fat_HH_2	HH	True	15597	-0.6099412833437563	lower	True
fat (IAT)	Igfbp2	HL1002P	HH	10mo_fat_HH_3	HH	True	15702	-0.5829861095423734	lower	True
fat (IAT)	Igfbp2	HL1002P	HH	10mo_fat_HH_4	HH	True	15626	-0.6103144280407874	lower	True
fat (IAT)	Il6	HH	WT	10mo_fat_WT_1	WT	True	15732	0.08037235116384318	higher	True
fat (IAT)	Il6	HH	WT	10mo_fat_WT_2	WT	True	15685	0.37719694585958957	higher	True
fat (IAT)	Il6	HH	WT	10mo_fat_WT_3	WT	True	15583	0.4517918631276403	higher	True
fat (IAT)	Il6	HH	WT	10mo_fat_WT_4	WT	True	15609	0.10744308240429677	higher	True
fat (IAT)	Il6	HH	WT	10mo_fat_HL1002P_1	HL1002P	False	15636	0.24645932121712402	higher	True
fat (IAT)	Il6	HH	WT	10mo_fat_HL1002P_2	HL1002P	False	15595	0.24468399779861189	higher	True
fat (IAT)	Il6	HH	WT	10mo_fat_HL1002P_3	HL1002P	False	15593	0.24477104353905293	higher	True
fat (IAT)	Il6	HH	WT	10mo_fat_HL1002P_4	HL1002P	False	15616	0.24570723124045887	higher	True
fat (IAT)	Il6	HH	WT	10mo_fat_HH_1	HH	True	15593	0.38959424321388286	higher	True
fat (IAT)	Il6	HH	WT	10mo_fat_HH_2	HH	True	15597	0.09992107242530283	higher	True
fat (IAT)	Il6	HH	WT	10mo_fat_HH_3	HH	True	15702	-0.23963210709300367	lower	False
fat (IAT)	Il6	HH	WT	10mo_fat_HH_4	HH	True	15626	0.5981088564388005	higher	True
fat (IAT)	Il6	HL1002P	WT	10mo_fat_WT_1	WT	True	15732	0.4285614332398962	higher	True
fat (IAT)	Il6	HL1002P	WT	10mo_fat_WT_2	WT	True	15685	0.7279053909371799	higher	True
fat (IAT)	Il6	HL1002P	WT	10mo_fat_WT_3	WT	True	15583	0.8006422293202822	higher	True
fat (IAT)	Il6	HL1002P	WT	10mo_fat_WT_4	WT	True	15609	0.45920920953093614	higher	True
fat (IAT)	Il6	HL1002P	WT	10mo_fat_HL1002P_1	HL1002P	True	15636	0.26012870875223715	higher	True
fat (IAT)	Il6	HL1002P	WT	10mo_fat_HL1002P_2	HL1002P	True	15595	0.8227277283723662	higher	True
fat (IAT)	Il6	HL1002P	WT	10mo_fat_HL1002P_3	HL1002P	True	15593	0.13048032444601268	higher	True
fat (IAT)	Il6	HL1002P	WT	10mo_fat_HL1002P_4	HL1002P	True	15616	0.989457668082915	higher	True
fat (IAT)	Il6	HL1002P	WT	10mo_fat_HH_1	HH	False	15593	0.5959197099555864	higher	True
fat (IAT)	Il6	HL1002P	WT	10mo_fat_HH_2	HH	False	15597	0.593197066902388	higher	True
fat (IAT)	Il6	HL1002P	WT	10mo_fat_HH_3	HH	False	15702	0.5997665885107034	higher	True
fat (IAT)	Il6	HL1002P	WT	10mo_fat_HH_4	HH	False	15626	0.5970850268219634	higher	True
fat (IAT)	Il6	HL1002P	HH	10mo_fat_WT_1	WT	False	15732	0.34818908207605304	higher	True
fat (IAT)	Il6	HL1002P	HH	10mo_fat_WT_2	WT	False	15685	0.35070844507759014	higher	True
fat (IAT)	Il6	HL1002P	HH	10mo_fat_WT_3	WT	False	15583	0.34885036619264187	higher	True
fat (IAT)	Il6	HL1002P	HH	10mo_fat_WT_4	WT	False	15609	0.3517661271266392	higher	True
fat (IAT)	Il6	HL1002P	HH	10mo_fat_HL1002P_1	HL1002P	True	15636	0.013669387535113124	higher	True
fat (IAT)	Il6	HL1002P	HH	10mo_fat_HL1002P_2	HL1002P	True	15595	0.5780437305737542	higher	True
fat (IAT)	Il6	HL1002P	HH	10mo_fat_HL1002P_3	HL1002P	True	15593	-0.11429071909304034	lower	False
fat (IAT)	Il6	HL1002P	HH	10mo_fat_HL1002P_4	HL1002P	True	15616	0.7437504368424562	higher	True
fat (IAT)	Il6	HL1002P	HH	10mo_fat_HH_1	HH	True	15593	0.20632546674170377	higher	True
fat (IAT)	Il6	HL1002P	HH	10mo_fat_HH_2	HH	True	15597	0.49327599447708526	higher	True
fat (IAT)	Il6	HL1002P	HH	10mo_fat_HH_3	HH	True	15702	0.8393986956037071	higher	True
fat (IAT)	Il6	HL1002P	HH	10mo_fat_HH_4	HH	True	15626	-0.0010238296168371091	lower	False
fat (IAT)	Ccl2	HH	WT	10mo_fat_WT_1	WT	True	15732	-1.7474697486641657	lower	True
fat (IAT)	Ccl2	HH	WT	10mo_fat_WT_2	WT	True	15685	-0.8006077545482744	lower	True
fat (IAT)	Ccl2	HH	WT	10mo_fat_WT_3	WT	True	15583	-1.9514696946744456	lower	True
fat (IAT)	Ccl2	HH	WT	10mo_fat_WT_4	WT	True	15609	-1.9493915391109438	lower	True
fat (IAT)	Ccl2	HH	WT	10mo_fat_HL1002P_1	HL1002P	False	15636	-1.6808902233910965	lower	True
fat (IAT)	Ccl2	HH	WT	10mo_fat_HL1002P_2	HL1002P	False	15595	-1.6815472647552383	lower	True
fat (IAT)	Ccl2	HH	WT	10mo_fat_HL1002P_3	HL1002P	False	15593	-1.6796845354193697	lower	True
fat (IAT)	Ccl2	HH	WT	10mo_fat_HL1002P_4	HL1002P	False	15616	-1.6802847987045908	lower	True
fat (IAT)	Ccl2	HH	WT	10mo_fat_HH_1	HH	True	15593	-1.4627263141943432	lower	True
fat (IAT)	Ccl2	HH	WT	10mo_fat_HH_2	HH	True	15597	-1.8999115693625992	lower	True
fat (IAT)	Ccl2	HH	WT	10mo_fat_HH_3	HH	True	15702	-1.748287067512609	lower	True
fat (IAT)	Ccl2	HH	WT	10mo_fat_HH_4	HH	True	15626	-1.6435361372575483	lower	True
fat (IAT)	Ccl2	HL1002P	WT	10mo_fat_WT_1	WT	True	15732	-0.6710525898315424	lower	True
fat (IAT)	Ccl2	HL1002P	WT	10mo_fat_WT_2	WT	True	15685	0.27812141777702865	higher	False
fat (IAT)	Ccl2	HL1002P	WT	10mo_fat_WT_3	WT	True	15583	-0.8723724132557227	lower	True
fat (IAT)	Ccl2	HL1002P	WT	10mo_fat_WT_4	WT	True	15609	-0.8688413782616943	lower	True
fat (IAT)	Ccl2	HL1002P	WT	10mo_fat_HL1002P_1	HL1002P	True	15636	-0.4275858401206896	lower	True
fat (IAT)	Ccl2	HL1002P	WT	10mo_fat_HL1002P_2	HL1002P	True	15595	-0.6184035992093332	lower	True
fat (IAT)	Ccl2	HL1002P	WT	10mo_fat_HL1002P_3	HL1002P	True	15593	-1.0473613748926265	lower	True
fat (IAT)	Ccl2	HL1002P	WT	10mo_fat_HL1002P_4	HL1002P	True	15616	-0.3933644932820971	lower	True
fat (IAT)	Ccl2	HL1002P	WT	10mo_fat_HH_1	HH	False	15593	-0.5998387616223706	lower	True
fat (IAT)	Ccl2	HL1002P	WT	10mo_fat_HH_2	HH	False	15597	-0.5985834011667189	lower	True
fat (IAT)	Ccl2	HL1002P	WT	10mo_fat_HH_3	HH	False	15702	-0.5971683265268984	lower	True
fat (IAT)	Ccl2	HL1002P	WT	10mo_fat_HH_4	HH	False	15626	-0.5996011072273627	lower	True
fat (IAT)	Ccl2	HL1002P	HH	10mo_fat_WT_1	WT	False	15732	1.0764171588326232	higher	True
fat (IAT)	Ccl2	HL1002P	HH	10mo_fat_WT_2	WT	False	15685	1.078729172325303	higher	True
fat (IAT)	Ccl2	HL1002P	HH	10mo_fat_WT_3	WT	False	15583	1.0790972814187232	higher	True
fat (IAT)	Ccl2	HL1002P	HH	10mo_fat_WT_4	WT	False	15609	1.0805501608492494	higher	True
fat (IAT)	Ccl2	HL1002P	HH	10mo_fat_HL1002P_1	HL1002P	True	15636	1.253304383270407	higher	True
fat (IAT)	Ccl2	HL1002P	HH	10mo_fat_HL1002P_2	HL1002P	True	15595	1.063143665545905	higher	True
fat (IAT)	Ccl2	HL1002P	HH	10mo_fat_HL1002P_3	HL1002P	True	15593	0.6323231605267433	higher	True
fat (IAT)	Ccl2	HL1002P	HH	10mo_fat_HL1002P_4	HL1002P	True	15616	1.2869203054224934	higher	True
fat (IAT)	Ccl2	HL1002P	HH	10mo_fat_HH_1	HH	True	15593	0.8628875525719726	higher	True
fat (IAT)	Ccl2	HL1002P	HH	10mo_fat_HH_2	HH	True	15597	1.3013281681958802	higher	True
fat (IAT)	Ccl2	HL1002P	HH	10mo_fat_HH_3	HH	True	15702	1.1511187409857104	higher	True
fat (IAT)	Ccl2	HL1002P	HH	10mo_fat_HH_4	HH	True	15626	1.0439350300301857	higher	True
fat (IAT)	Mmp3	HH	WT	10mo_fat_WT_1	WT	True	15732	-0.029210962612548404	lower	False
fat (IAT)	Mmp3	HH	WT	10mo_fat_WT_2	WT	True	15685	0.07682092346000324	higher	True
fat (IAT)	Mmp3	HH	WT	10mo_fat_WT_3	WT	True	15583	-0.13150442894943754	lower	False
fat (IAT)	Mmp3	HH	WT	10mo_fat_WT_4	WT	True	15609	0.14198354531339447	higher	True
fat (IAT)	Mmp3	HH	WT	10mo_fat_HL1002P_1	HL1002P	False	15636	0.006057521088135196	higher	True
fat (IAT)	Mmp3	HH	WT	10mo_fat_HL1002P_2	HL1002P	False	15595	0.004221772958262271	higher	True
fat (IAT)	Mmp3	HH	WT	10mo_fat_HL1002P_3	HL1002P	False	15593	0.0053183705454996864	higher	True
fat (IAT)	Mmp3	HH	WT	10mo_fat_HL1002P_4	HL1002P	False	15616	0.008065544103028342	higher	True
fat (IAT)	Mmp3	HH	WT	10mo_fat_HH_1	HH	True	15593	-0.1624021973331554	lower	False
fat (IAT)	Mmp3	HH	WT	10mo_fat_HH_2	HH	True	15597	0.02667610615277162	higher	True
fat (IAT)	Mmp3	HH	WT	10mo_fat_HH_3	HH	True	15702	0.1698448968240973	higher	True
fat (IAT)	Mmp3	HH	WT	10mo_fat_HH_4	HH	True	15626	-0.024743100841114557	lower	False
fat (IAT)	Mmp3	HL1002P	WT	10mo_fat_WT_1	WT	True	15732	0.07631832900928978	higher	True
fat (IAT)	Mmp3	HL1002P	WT	10mo_fat_WT_2	WT	True	15685	0.1862963076881613	higher	True
fat (IAT)	Mmp3	HL1002P	WT	10mo_fat_WT_3	WT	True	15583	-0.021018968034763844	lower	False
fat (IAT)	Mmp3	HL1002P	WT	10mo_fat_WT_4	WT	True	15609	0.25366656845510965	higher	True
fat (IAT)	Mmp3	HL1002P	WT	10mo_fat_HL1002P_1	HL1002P	True	15636	0.058239480897071545	higher	True
fat (IAT)	Mmp3	HL1002P	WT	10mo_fat_HL1002P_2	HL1002P	True	15595	0.14004006368014624	higher	True
fat (IAT)	Mmp3	HL1002P	WT	10mo_fat_HL1002P_3	HL1002P	True	15593	0.2071747641666051	higher	True
fat (IAT)	Mmp3	HL1002P	WT	10mo_fat_HL1002P_4	HL1002P	True	15616	0.06679992891663777	higher	True
fat (IAT)	Mmp3	HL1002P	WT	10mo_fat_HH_1	HH	False	15593	0.12009547208148481	higher	True
fat (IAT)	Mmp3	HL1002P	WT	10mo_fat_HH_2	HH	False	15597	0.11883505673060481	higher	True
fat (IAT)	Mmp3	HL1002P	WT	10mo_fat_HH_3	HH	False	15702	0.12038385485614407	higher	True
fat (IAT)	Mmp3	HL1002P	WT	10mo_fat_HH_4	HH	False	15626	0.11993683147124536	higher	True
fat (IAT)	Mmp3	HL1002P	HH	10mo_fat_WT_1	WT	False	15732	0.10552929162183823	higher	True
fat (IAT)	Mmp3	HL1002P	HH	10mo_fat_WT_2	WT	False	15685	0.10947538422815789	higher	True
fat (IAT)	Mmp3	HL1002P	HH	10mo_fat_WT_3	WT	False	15583	0.11048546091467361	higher	True
fat (IAT)	Mmp3	HL1002P	HH	10mo_fat_WT_4	WT	False	15609	0.1116830231417153	higher	True
fat (IAT)	Mmp3	HL1002P	HH	10mo_fat_HL1002P_1	HL1002P	True	15636	0.05218195980893634	higher	True
fat (IAT)	Mmp3	HL1002P	HH	10mo_fat_HL1002P_2	HL1002P	True	15595	0.1358182907218841	higher	True
fat (IAT)	Mmp3	HL1002P	HH	10mo_fat_HL1002P_3	HL1002P	True	15593	0.20185639362110536	higher	True
fat (IAT)	Mmp3	HL1002P	HH	10mo_fat_HL1002P_4	HL1002P	True	15616	0.058734384813609763	higher	True
fat (IAT)	Mmp3	HL1002P	HH	10mo_fat_HH_1	HH	True	15593	0.2824976694146403	higher	True
fat (IAT)	Mmp3	HL1002P	HH	10mo_fat_HH_2	HH	True	15597	0.09215895057783308	higher	True
fat (IAT)	Mmp3	HL1002P	HH	10mo_fat_HH_3	HH	True	15702	-0.04946104196795328	lower	False
fat (IAT)	Mmp3	HL1002P	HH	10mo_fat_HH_4	HH	True	15626	0.14467993231236018	higher	True
