tissue	sample	gsm	genotype	gene	gene_present	low_count_tissue_mean_below_10	raw_count	median_ratio_normalized_count	cpm
gastrocnemius muscle	10mo_skM_WT_1	GSM3968592	WT	Cdkn2a	True	False	0	0.0	0.0
gastrocnemius muscle	10mo_skM_WT_2	GSM3968593	WT	Cdkn2a	True	False	6	4.677300126630417	0.11125601795390282
gastrocnemius muscle	10mo_skM_WT_3	GSM3968594	WT	Cdkn2a	True	False	4	4.673179125637949	0.10066169208328256
gastrocnemius muscle	10mo_skM_WT_4	GSM3968595	WT	Cdkn2a	True	False	2	2.0927079285354626	0.04360077050409619
gastrocnemius muscle	10mo_skM_HL1002P_1	GSM3968596	HL1002P	Cdkn2a	True	False	32	41.13179231650652	0.9373767587568053
gastrocnemius muscle	10mo_skM_HL1002P_2	GSM3968597	HL1002P	Cdkn2a	True	False	24	24.402836418986016	0.5273929432978312
gastrocnemius muscle	10mo_skM_HL1002P_3	GSM3968598	HL1002P	Cdkn2a	True	False	28	29.373495371724424	0.6447939954572421
gastrocnemius muscle	10mo_skM_HL1002P_4	GSM3968599	HL1002P	Cdkn2a	True	False	20	16.40459738641797	0.3618843630001973
gastrocnemius muscle	10mo_skM_HH_1	GSM3968600	HH	Cdkn2a	True	False	20	21.038636607311165	0.4929990195235499
gastrocnemius muscle	10mo_skM_HH_2	GSM3968601	HH	Cdkn2a	True	False	47	41.989484839092235	0.9165355533306492
gastrocnemius muscle	10mo_skM_HH_3	GSM3968602	HH	Cdkn2a	True	False	27	26.0215177207765	0.6337701018672769
gastrocnemius muscle	10mo_skM_WT_1	GSM3968592	WT	Cdkn1a	True	False	1350	1351.1147451056443	28.146236335314995
gastrocnemius muscle	10mo_skM_WT_2	GSM3968593	WT	Cdkn1a	True	False	1532	1194.2706323329664	28.407369917563187
gastrocnemius muscle	10mo_skM_WT_3	GSM3968594	WT	Cdkn1a	True	False	1152	1345.8755881837294	28.990567319985374
gastrocnemius muscle	10mo_skM_WT_4	GSM3968595	WT	Cdkn1a	True	False	3061	3202.8894846235253	66.73097925651922
gastrocnemius muscle	10mo_skM_HL1002P_1	GSM3968596	HL1002P	Cdkn1a	True	False	7418	9534.863606370167	217.2956498893119
gastrocnemius muscle	10mo_skM_HL1002P_2	GSM3968597	HL1002P	Cdkn1a	True	False	2192	2228.7923929340564	48.16855548786858
gastrocnemius muscle	10mo_skM_HL1002P_3	GSM3968598	HL1002P	Cdkn1a	True	False	2813	2950.9872314521713	64.77876818647222
gastrocnemius muscle	10mo_skM_HL1002P_4	GSM3968599	HL1002P	Cdkn1a	True	False	6244	5121.51530403969	112.98029812866157
gastrocnemius muscle	10mo_skM_HH_1	GSM3968600	HH	Cdkn1a	True	False	9607	10105.909094321918	236.81207902813722
gastrocnemius muscle	10mo_skM_HH_2	GSM3968601	HH	Cdkn1a	True	False	2659	2375.532769939282	51.852511410770134
gastrocnemius muscle	10mo_skM_HH_3	GSM3968602	HH	Cdkn1a	True	False	3645	3512.9048923048276	85.55896375208238
gastrocnemius muscle	10mo_skM_WT_1	GSM3968592	WT	Serpine1	True	False	554	554.4574583618718	11.550381429455191
gastrocnemius muscle	10mo_skM_WT_2	GSM3968593	WT	Serpine1	True	False	967	753.8248704086021	17.930761560237336
gastrocnemius muscle	10mo_skM_WT_3	GSM3968594	WT	Serpine1	True	False	648	757.0550183533478	16.307194117491772
gastrocnemius muscle	10mo_skM_WT_4	GSM3968595	WT	Serpine1	True	False	655	685.361846595364	14.279252340091503
gastrocnemius muscle	10mo_skM_HL1002P_1	GSM3968596	HL1002P	Serpine1	True	False	457	587.4134090201087	13.386911835995624
gastrocnemius muscle	10mo_skM_HL1002P_2	GSM3968597	HL1002P	Serpine1	True	False	474	481.9560192749738	10.416010630132165
gastrocnemius muscle	10mo_skM_HL1002P_3	GSM3968598	HL1002P	Serpine1	True	False	578	606.3528687448827	13.310390334795924
gastrocnemius muscle	10mo_skM_HL1002P_4	GSM3968599	HL1002P	Serpine1	True	False	851	698.0156187920845	15.398179645658393
gastrocnemius muscle	10mo_skM_HH_1	GSM3968600	HH	Serpine1	True	False	550	578.562506701057	13.557473036897624
gastrocnemius muscle	10mo_skM_HH_2	GSM3968601	HH	Serpine1	True	False	512	457.4173667577707	9.984387304367923
gastrocnemius muscle	10mo_skM_HH_3	GSM3968602	HH	Serpine1	True	False	613	590.784828253185	14.388928609060768
gastrocnemius muscle	10mo_skM_WT_1	GSM3968592	WT	Igfbp2	True	False	17	17.014037530959964	0.3544340871854481
gastrocnemius muscle	10mo_skM_WT_2	GSM3968593	WT	Igfbp2	True	False	16	12.472800337681111	0.2966827145437408
gastrocnemius muscle	10mo_skM_WT_3	GSM3968594	WT	Igfbp2	True	False	2	2.3365895628189746	0.05033084604164128
gastrocnemius muscle	10mo_skM_WT_4	GSM3968595	WT	Igfbp2	True	False	6	6.278123785606388	0.1308023115122886
gastrocnemius muscle	10mo_skM_HL1002P_1	GSM3968596	HL1002P	Igfbp2	True	False	336	431.88381932331845	9.842455966946456
gastrocnemius muscle	10mo_skM_HL1002P_2	GSM3968597	HL1002P	Igfbp2	True	False	32	32.537115225314686	0.7031905910637749
gastrocnemius muscle	10mo_skM_HL1002P_3	GSM3968598	HL1002P	Igfbp2	True	False	55	57.69793733731583	1.2665596339338683
gastrocnemius muscle	10mo_skM_HL1002P_4	GSM3968599	HL1002P	Igfbp2	True	False	90	73.82068823888086	1.6284796335008875
gastrocnemius muscle	10mo_skM_HH_1	GSM3968600	HH	Igfbp2	True	False	81	85.20647825961022	1.9966460290703776
gastrocnemius muscle	10mo_skM_HH_2	GSM3968601	HH	Igfbp2	True	False	78	69.68467696700414	1.5210590033998008
gastrocnemius muscle	10mo_skM_HH_3	GSM3968602	HH	Igfbp2	True	False	68	65.53567425973341	1.5961617380361048
gastrocnemius muscle	10mo_skM_WT_1	GSM3968592	WT	Il6	True	True	7	7.005780159807045	0.14594344766459627
gastrocnemius muscle	10mo_skM_WT_2	GSM3968593	WT	Il6	True	True	4	3.1182000844202777	0.0741706786359352
gastrocnemius muscle	10mo_skM_WT_3	GSM3968594	WT	Il6	True	True	0	0.0	0.0
gastrocnemius muscle	10mo_skM_WT_4	GSM3968595	WT	Il6	True	True	2	2.0927079285354626	0.04360077050409619
gastrocnemius muscle	10mo_skM_HL1002P_1	GSM3968596	HL1002P	Il6	True	True	2	2.5707370197816575	0.05858604742230033
gastrocnemius muscle	10mo_skM_HL1002P_2	GSM3968597	HL1002P	Il6	True	True	2	2.033569701582168	0.04394941194148593
gastrocnemius muscle	10mo_skM_HL1002P_3	GSM3968598	HL1002P	Il6	True	True	0	0.0	0.0
gastrocnemius muscle	10mo_skM_HL1002P_4	GSM3968599	HL1002P	Il6	True	True	4	3.280919477283594	0.07237687260003944
gastrocnemius muscle	10mo_skM_HH_1	GSM3968600	HH	Il6	True	True	6	6.31159098219335	0.147899705857065
gastrocnemius muscle	10mo_skM_HH_2	GSM3968601	HH	Il6	True	True	2	1.7867865888975418	0.0390015129076872
gastrocnemius muscle	10mo_skM_HH_3	GSM3968602	HH	Il6	True	True	0	0.0	0.0
gastrocnemius muscle	10mo_skM_WT_1	GSM3968592	WT	Ccl2	True	False	26	26.021469164997594	0.5420756627542147
gastrocnemius muscle	10mo_skM_WT_2	GSM3968593	WT	Ccl2	True	False	114	88.86870240597791	2.1138643411241533
gastrocnemius muscle	10mo_skM_WT_3	GSM3968594	WT	Ccl2	True	False	19	22.19760084678026	0.4781430373955921
gastrocnemius muscle	10mo_skM_WT_4	GSM3968595	WT	Ccl2	True	False	30	31.390618928031937	0.6540115575614429
gastrocnemius muscle	10mo_skM_HL1002P_1	GSM3968596	HL1002P	Ccl2	True	False	85	109.25632334072044	2.489907015447764
gastrocnemius muscle	10mo_skM_HL1002P_2	GSM3968597	HL1002P	Ccl2	True	False	52	52.87281224113637	1.1426847104786342
gastrocnemius muscle	10mo_skM_HL1002P_3	GSM3968598	HL1002P	Ccl2	True	False	69	72.38468502317804	1.5889566316624892
gastrocnemius muscle	10mo_skM_HL1002P_4	GSM3968599	HL1002P	Ccl2	True	False	96	78.74206745480625	1.7370449424009466
gastrocnemius muscle	10mo_skM_HH_1	GSM3968600	HH	Ccl2	True	False	79	83.1026145988791	1.9473461271180224
gastrocnemius muscle	10mo_skM_HH_2	GSM3968601	HH	Ccl2	True	False	136	121.50148804503286	2.65210287772273
gastrocnemius muscle	10mo_skM_HH_3	GSM3968602	HH	Ccl2	True	False	61	58.7893548506432	1.4318509708853293
gastrocnemius muscle	10mo_skM_WT_1	GSM3968592	WT	Mmp3	True	False	39	39.03220374749639	0.8131134941313221
gastrocnemius muscle	10mo_skM_WT_2	GSM3968593	WT	Mmp3	True	False	105	81.85275221603229	1.9469803141932993
gastrocnemius muscle	10mo_skM_WT_3	GSM3968594	WT	Mmp3	True	False	116	135.52219464350054	2.919189070415194
gastrocnemius muscle	10mo_skM_WT_4	GSM3968595	WT	Mmp3	True	False	39	40.80780460644152	0.8502150248298758
gastrocnemius muscle	10mo_skM_HL1002P_1	GSM3968596	HL1002P	Mmp3	True	False	39	50.12937188574232	1.1424279247348565
gastrocnemius muscle	10mo_skM_HL1002P_2	GSM3968597	HL1002P	Mmp3	True	False	44	44.7385334348077	0.9668870627126904
gastrocnemius muscle	10mo_skM_HL1002P_3	GSM3968598	HL1002P	Mmp3	True	False	176	184.63339947941066	4.052990828588379
gastrocnemius muscle	10mo_skM_HL1002P_4	GSM3968599	HL1002P	Mmp3	True	False	310	254.27125948947852	5.609207626503057
gastrocnemius muscle	10mo_skM_HH_1	GSM3968600	HH	Mmp3	True	False	38	39.973409553891216	0.9366981370947449
gastrocnemius muscle	10mo_skM_HH_2	GSM3968601	HH	Mmp3	True	False	61	54.496990961375026	1.1895461436844597
gastrocnemius muscle	10mo_skM_HH_3	GSM3968602	HH	Mmp3	True	False	130	125.28878902596092	3.0514856756572586
fat (IAT)	10mo_fat_WT_1	GSM3968603	WT	Cdkn2a	True	False	45	40.22103335111184	0.8618620030611424
fat (IAT)	10mo_fat_WT_2	GSM3968604	WT	Cdkn2a	True	False	60	78.93534015384625	1.5944273276765533
fat (IAT)	10mo_fat_WT_3	GSM3968605	WT	Cdkn2a	True	False	106	71.5639526811379	1.8018455692217987
fat (IAT)	10mo_fat_WT_4	GSM3968606	WT	Cdkn2a	True	False	42	41.80029918835335	1.0508968616541572
fat (IAT)	10mo_fat_HL1002P_1	GSM3968607	HL1002P	Cdkn2a	True	False	238	277.2028351654465	6.9530834558741255
fat (IAT)	10mo_fat_HL1002P_2	GSM3968608	HL1002P	Cdkn2a	True	False	289	211.13444358577976	5.346268862085151
fat (IAT)	10mo_fat_HL1002P_3	GSM3968609	HL1002P	Cdkn2a	True	False	316	227.61314373081663	6.147408314906672
fat (IAT)	10mo_fat_HL1002P_4	GSM3968610	HL1002P	Cdkn2a	True	False	114	155.24976431214338	4.000472898006786
fat (IAT)	10mo_fat_HH_1	GSM3968611	HH	Cdkn2a	True	False	126	103.73499901069346	2.463898798368289
fat (IAT)	10mo_fat_HH_2	GSM3968612	HH	Cdkn2a	True	False	454	368.08527046925576	10.200565587659527
fat (IAT)	10mo_fat_HH_3	GSM3968613	HH	Cdkn2a	True	False	157	267.7766631803389	6.961631742628564
fat (IAT)	10mo_fat_HH_4	GSM3968614	HH	Cdkn2a	True	False	71	93.49068612773307	2.3666660355557236
fat (IAT)	10mo_fat_WT_1	GSM3968603	WT	Cdkn1a	True	False	6576	5877.633673709144	125.94676738066825
fat (IAT)	10mo_fat_WT_2	GSM3968604	WT	Cdkn1a	True	False	5175	6808.17308826924	137.51935701210272
fat (IAT)	10mo_fat_WT_3	GSM3968605	WT	Cdkn1a	True	False	7359	4968.293658306546	125.0922787160681
fat (IAT)	10mo_fat_WT_4	GSM3968606	WT	Cdkn1a	True	False	3919	3900.3660123608756	98.05868573387242
fat (IAT)	10mo_fat_HL1002P_1	GSM3968607	HL1002P	Cdkn1a	True	False	1498	1744.7472566295753	43.76352528109008
fat (IAT)	10mo_fat_HL1002P_2	GSM3968608	HL1002P	Cdkn1a	True	False	2736	1998.836808479908	50.61381178776807
fat (IAT)	10mo_fat_HL1002P_3	GSM3968609	HL1002P	Cdkn1a	True	False	3029	2181.7728239260873	58.925632233709834
fat (IAT)	10mo_fat_HL1002P_4	GSM3968610	HL1002P	Cdkn1a	True	False	2379	3239.817449987624	83.48355284524686
fat (IAT)	10mo_fat_HH_1	GSM3968611	HH	Cdkn1a	True	False	2072	1705.864428175848	40.51744690650075
fat (IAT)	10mo_fat_HH_2	GSM3968612	HH	Cdkn1a	True	False	3039	2463.9011827226172	68.28087846012622
fat (IAT)	10mo_fat_HH_3	GSM3968613	HH	Cdkn1a	True	False	1060	1807.918872427766	47.002099663606856
fat (IAT)	10mo_fat_HH_4	GSM3968614	HH	Cdkn1a	True	False	1913	2518.981444540188	63.766649662226754
fat (IAT)	10mo_fat_WT_1	GSM3968603	WT	Serpine1	True	False	11230	10037.382322955244	215.08245098614728
fat (IAT)	10mo_fat_WT_2	GSM3968604	WT	Serpine1	True	False	8918	11732.422724866683	236.985048470325
fat (IAT)	10mo_fat_WT_3	GSM3968605	WT	Serpine1	True	False	11303	7631.01280334813	192.13453272560366
fat (IAT)	10mo_fat_WT_4	GSM3968606	WT	Serpine1	True	False	1234	1228.1325999625722	30.876350649553096
fat (IAT)	10mo_fat_HL1002P_1	GSM3968607	HL1002P	Serpine1	True	False	344	400.6629214156034	10.049834911011342
fat (IAT)	10mo_fat_HL1002P_2	GSM3968608	HL1002P	Serpine1	True	False	707	516.5122893257658	13.07893455188305
fat (IAT)	10mo_fat_HL1002P_3	GSM3968609	HL1002P	Serpine1	True	False	961	692.2032630547936	18.695124653877567
fat (IAT)	10mo_fat_HL1002P_4	GSM3968610	HL1002P	Serpine1	True	False	2156	2936.127121552466	75.65806638686517
fat (IAT)	10mo_fat_HH_1	GSM3968611	HH	Serpine1	True	False	1120	922.0888800950529	21.90132265216257
fat (IAT)	10mo_fat_HH_2	GSM3968612	HH	Serpine1	True	False	2120	1718.812276200049	47.63259701726475
fat (IAT)	10mo_fat_HH_3	GSM3968613	HH	Serpine1	True	False	222	378.6396129046831	9.8438359672837
fat (IAT)	10mo_fat_HH_4	GSM3968614	HH	Serpine1	True	False	1311	1726.2857677951838	43.69998834666978
fat (IAT)	10mo_fat_WT_1	GSM3968603	WT	Igfbp2	True	False	18	16.08841334044474	0.3447448012244569
fat (IAT)	10mo_fat_WT_2	GSM3968604	WT	Igfbp2	True	False	61	80.25092915641036	1.6210011164711624
fat (IAT)	10mo_fat_WT_3	GSM3968605	WT	Igfbp2	True	False	130	87.76711177875404	2.2098106037625835
fat (IAT)	10mo_fat_WT_4	GSM3968606	WT	Igfbp2	True	False	449	446.86510322787274	11.23458787815992
fat (IAT)	10mo_fat_HL1002P_1	GSM3968607	HL1002P	Igfbp2	True	False	35	40.76512281844802	1.0225122729226657
fat (IAT)	10mo_fat_HL1002P_2	GSM3968608	HL1002P	Igfbp2	True	False	217	158.53347494157165	4.01432644661757
fat (IAT)	10mo_fat_HL1002P_3	GSM3968609	HL1002P	Igfbp2	True	False	116	83.55419200245167	2.2566435586366262
fat (IAT)	10mo_fat_HL1002P_4	GSM3968610	HL1002P	Igfbp2	True	False	125	170.23000472822739	4.386483440796914
fat (IAT)	10mo_fat_HH_1	GSM3968611	HH	Igfbp2	True	False	93	76.56630879360708	1.818591970224213
fat (IAT)	10mo_fat_HH_2	GSM3968612	HH	Igfbp2	True	False	268	217.2838160479307	6.021479245578751
fat (IAT)	10mo_fat_HH_3	GSM3968613	HH	Igfbp2	True	False	133	226.84265097442724	5.897433259678974
fat (IAT)	10mo_fat_HH_4	GSM3968614	HH	Igfbp2	True	False	165	217.26708747994306	5.4999985333337245
fat (IAT)	10mo_fat_WT_1	GSM3968603	WT	Il6	True	False	7	6.256605187950731	0.1340674226983999
fat (IAT)	10mo_fat_WT_2	GSM3968604	WT	Il6	True	False	10	13.155890025641044	0.2657378879460922
fat (IAT)	10mo_fat_WT_3	GSM3968605	WT	Il6	True	False	22	14.852895839481452	0.37396794832905256
fat (IAT)	10mo_fat_WT_4	GSM3968606	WT	Il6	True	False	7	6.966716531392225	0.17514947694235952
fat (IAT)	10mo_fat_HL1002P_1	GSM3968607	HL1002P	Il6	True	False	23	26.788509280694413	0.6719366364920373
fat (IAT)	10mo_fat_HL1002P_2	GSM3968608	HL1002P	Il6	True	False	10	7.305690089473349	0.18499200214827513
fat (IAT)	10mo_fat_HL1002P_3	GSM3968609	HL1002P	Il6	True	False	42	30.25237986295664	0.8170605988167094
fat (IAT)	10mo_fat_HL1002P_4	GSM3968610	HL1002P	Il6	True	False	0	0.0	0.0
fat (IAT)	10mo_fat_HH_1	GSM3968611	HH	Il6	True	False	10	8.232936429420116	0.19554752368002293
fat (IAT)	10mo_fat_HH_2	GSM3968612	HH	Il6	True	False	20	16.21521015283065	0.4493641228043844
fat (IAT)	10mo_fat_HH_3	GSM3968613	HH	Il6	True	False	14	23.878173786781815	0.6207824483872604
fat (IAT)	10mo_fat_HH_4	GSM3968614	HH	Il6	True	False	1	1.31677022715117	0.03333332444444681
fat (IAT)	10mo_fat_WT_1	GSM3968603	WT	Ccl2	True	False	810	723.9786003200131	15.513516055100562
fat (IAT)	10mo_fat_WT_2	GSM3968604	WT	Ccl2	True	False	1498	1970.7523258410283	39.807535614324614
fat (IAT)	10mo_fat_WT_3	GSM3968605	WT	Ccl2	True	False	460	310.5605493709758	7.819329828698371
fat (IAT)	10mo_fat_WT_4	GSM3968606	WT	Ccl2	True	False	322	320.46896044404235	8.056875939348538
fat (IAT)	10mo_fat_HL1002P_1	GSM3968607	HL1002P	Ccl2	True	False	293	341.26231388015054	8.55988845618117
fat (IAT)	10mo_fat_HL1002P_2	GSM3968608	HL1002P	Ccl2	True	False	780	569.8438269789212	14.429376167565458
fat (IAT)	10mo_fat_HL1002P_3	GSM3968609	HL1002P	Ccl2	True	False	1374	989.6849983738672	26.72955387557521
fat (IAT)	10mo_fat_HL1002P_4	GSM3968610	HL1002P	Ccl2	True	False	215	292.79560813255114	7.544751518170692
fat (IAT)	10mo_fat_HH_1	GSM3968611	HH	Ccl2	True	False	161	132.55027651366385	3.1483151312483693
fat (IAT)	10mo_fat_HH_2	GSM3968612	HH	Ccl2	True	False	456	369.7067914845388	10.245501999939965
fat (IAT)	10mo_fat_HH_3	GSM3968613	HH	Ccl2	True	False	173	295.06600465094675	7.67109739792829
fat (IAT)	10mo_fat_HH_4	GSM3968614	HH	Ccl2	True	False	181	238.33541111436176	6.033331724444873
fat (IAT)	10mo_fat_WT_1	GSM3968603	WT	Mmp3	True	False	2580	2306.005912130412	49.41342150883883
fat (IAT)	10mo_fat_WT_2	GSM3968604	WT	Mmp3	True	False	2166	2849.56577955385	57.55882652912357
fat (IAT)	10mo_fat_WT_3	GSM3968605	WT	Mmp3	True	False	2572	1736.4385499611953	43.72025286828742
fat (IAT)	10mo_fat_WT_4	GSM3968606	WT	Mmp3	True	False	3199	3183.789454846247	80.04331096265831
fat (IAT)	10mo_fat_HL1002P_1	GSM3968607	HL1002P	Mmp3	True	False	2649	3085.337438459109	77.38957174206116
fat (IAT)	10mo_fat_HL1002P_2	GSM3968608	HL1002P	Mmp3	True	False	3580	2615.4370520314587	66.22713676908249
fat (IAT)	10mo_fat_HL1002P_3	GSM3968609	HL1002P	Mmp3	True	False	3089	2224.9905094445967	60.09286166059085
fat (IAT)	10mo_fat_HL1002P_4	GSM3968610	HL1002P	Mmp3	True	False	2220	3023.2848839733188	77.90394590855318
fat (IAT)	10mo_fat_HH_1	GSM3968611	HH	Mmp3	True	False	4115	3387.8533407063774	80.46780599432944
fat (IAT)	10mo_fat_HH_2	GSM3968612	HH	Mmp3	True	False	2992	2425.7954388634653	67.22487277153591
fat (IAT)	10mo_fat_HH_3	GSM3968613	HH	Mmp3	True	False	950	1620.3046498173376	42.12452328342125
fat (IAT)	10mo_fat_HH_4	GSM3968614	HH	Mmp3	True	False	2051	2700.6957358870495	68.36664843556042
